,molecule_chembl_id,class,canonical_smiles,MW,LogP,NumHDonors,NumHAcceptors
0,CHEMBL398372,Non-toxic,CC(C)(N)C(=O)N[C@H](COCc1ccccc1)c1nnnn1CCOC(=O)NCCCCO,463.5390000000003,0.2832000000000006,4.0,10.0
1,CHEMBL137803,Toxic,C=C1C(=O)O[C@@H]2C[C@@]3(C)CCCC(=C)[C@@H]3C[C@H]12,232.32299999999992,3.2406000000000024,0.0,2.0
2,CHEMBL486423,Non-toxic,C=C1CCC[C@]2(C)C[C@H]3OC(=O)[C@@H](C)[C@H]3C[C@@H]12,234.33899999999997,3.320500000000002,0.0,2.0
3,CHEMBL6466,Non-toxic,O=c1ccc2ccccc2o1,146.14499999999998,1.793,0.0,2.0
4,CHEMBL24171,Non-toxic,COc1c2ccoc2cc2oc(=O)ccc12,216.19199999999995,2.5478000000000005,0.0,4.0
5,CHEMBL416,Non-toxic,COc1c2occc2cc2ccc(=O)oc12,216.19199999999995,2.5478000000000005,0.0,4.0
6,CHEMBL52229,Non-toxic,COc1ccc2ccc(=O)oc2c1CC=C(C)C,244.28999999999994,3.3103000000000016,0.0,3.0
7,CHEMBL453805,Non-toxic,CC(C)=CCOc1c2occc2cc2ccc(=O)oc12,270.28400000000005,3.8842000000000025,0.0,4.0
8,CHEMBL164660,Non-toxic,O=c1ccc2cc3ccoc3cc2o1,186.16599999999997,2.539200000000001,0.0,3.0
9,CHEMBL51628,Non-toxic,O=c1ccc2ccc(O)cc2o1,162.14399999999998,1.4986,1.0,3.0
10,CHEMBL447467,Toxic,N=C(N)NN=O,88.07,-0.8491299999999999,3.0,3.0
11,CHEMBL450641,Toxic,CC/C=C/C=C/C=C/C=C/OCC(O)CO,224.29999999999995,1.9484999999999997,2.0,3.0
12,CHEMBL451631,Non-toxic,CC/C=C/OCC(O)CO,146.18599999999998,0.2799000000000001,2.0,3.0
13,CHEMBL485168,Non-toxic,CC/C=C/C=C/C=C/OCC(O)CO,198.26199999999997,1.3922999999999999,2.0,3.0
14,CHEMBL451634,Non-toxic,CC/C=C/C=C/OCC(O)CO,172.224,0.8360999999999998,2.0,3.0
15,CHEMBL454514,Toxic,CC/C=C/C=C/C=C/C=C/C=C/OC[C@@H](O)CO,250.33799999999997,2.504700000000001,2.0,3.0
16,CHEMBL486102,Toxic,CC/C=C/C=C/C=C/C=C/C=C/OCC(O)CO,250.33799999999997,2.504700000000001,2.0,3.0
17,CHEMBL121548,Toxic,C/C=C/c1cc(OC)c(OC)c(OC)c1,208.25699999999998,2.7455000000000007,0.0,3.0
18,CHEMBL465004,Toxic,COc1cc(OC)c2cc([N+](=O)[O-])c3c(C(=O)O)cc4c(c3c2c1)OCO4,371.30100000000016,3.3453000000000017,1.0,7.0
19,CHEMBL232104,Non-toxic,COC(=O)N1CCC(CN(C2Cc3cc(C#N)ccc3N(Cc3cncn3C)C2)S(=O)(=O)c2ccccn2)CC1,563.6840000000001,2.7873800000000015,0.0,9.0
20,CHEMBL1173240,Non-toxic,Cc1nc(Nc2cccc3c2C[C@H](O)CC3)oc1-c1ccc(C(F)(F)F)cc1,388.38899999999995,5.262020000000004,2.0,4.0
21,CHEMBL1170367,Non-toxic,CCN(C(C)=O)c1ccc(OC)c2nc(NC(=O)c3ccnn3C)sc12,373.43800000000005,2.663500000000001,1.0,7.0
22,CHEMBL1766005,Non-toxic,COC(=O)C(C)(C)C(c1ccc(Nc2ccc3ccccc3c2)cc1)n1ccnc1,399.4940000000001,5.568500000000006,1.0,5.0
23,CHEMBL1766310,Toxic,COc1cc2c(cc1OC)C1CCC2N1N=O,234.25499999999997,2.5768000000000004,0.0,4.0
24,CHEMBL1766312,Toxic,O=NN1C2C=CC1c1cc([N+](=O)[O-])ccc12,217.18399999999997,2.2437999999999994,0.0,4.0
25,CHEMBL1766313,Toxic,O=NN1C2CC(O)C1c1ccc([N+](=O)[O-])cc12,235.19899999999998,1.4385999999999999,1.0,5.0
26,CHEMBL1766307,Non-toxic,O=NN1C2c3ccccc3C1C(C(F)(F)F)C2C(F)(F)F,310.19699999999995,4.136400000000001,0.0,2.0
27,CHEMBL1766305,Non-toxic,O=NN1C2c3ccccc3C1C1C(=O)N(c3ccccc3)C(=O)C12,319.32000000000005,2.5852000000000004,0.0,4.0
28,CHEMBL2092729,Non-toxic,CN1C(=O)[C@@H]2C3c4ccccc4C([C@@H]2C1=O)N3N=O,257.249,1.0103999999999997,0.0,4.0
29,CHEMBL1766303,Non-toxic,CCOC(=O)CCN1C(=O)C2C(C1=O)C1c3ccccc3C2N1N=O,343.33900000000006,1.3337999999999992,0.0,6.0
30,CHEMBL1766304,Non-toxic,COC(=O)C1C(C(=O)OC)C2c3ccccc3C1N2N=O,290.27500000000003,1.3578000000000001,0.0,6.0
31,CHEMBL1766308,Non-toxic,COC(=O)C1CC2c3ccccc3C1N2N=O,232.239,1.9586999999999999,0.0,4.0
32,CHEMBL1766309,Non-toxic,O=NN1C2CCC1c1ccccc12,174.203,2.5596000000000005,0.0,2.0
33,CHEMBL1766311,Non-toxic,O=NN1C2CCC1c1cc([N+](=O)[O-])ccc12,219.2,2.4678000000000004,0.0,4.0
34,CHEMBL1766314,Non-toxic,O=NN1C2CC(O)C1c1ccccc12,190.202,1.5304,1.0,3.0
35,CHEMBL1766315,Non-toxic,O=NN1C2CCC1CC2,126.159,1.2946,0.0,2.0
36,CHEMBL1766316,Non-toxic,COC(=O)C1C(C(=O)OC)C2CCC1N2N=O,242.23099999999997,0.09279999999999977,0.0,6.0
37,CHEMBL1766317,Non-toxic,COCC12CCC(C(C(=O)OC)C1)N2N=O,228.24799999999996,0.7103000000000002,0.0,5.0
38,CHEMBL1766318,Non-toxic,COC(=O)C1CC2(COCc3ccccc3)CCC1N2N=O,304.346,2.2807000000000004,0.0,5.0
39,CHEMBL1766319,Non-toxic,O=NN1Cc2ccccc2C1,148.16499999999996,1.6836,0.0,2.0
40,CHEMBL351175,Non-toxic,O=NN1CCCC1,100.12100000000001,0.7636000000000001,0.0,2.0
41,CHEMBL1774859,Toxic,CC(=O)c1c(C(F)(F)F)[n+]([O-])c2cc(F)c(F)cc2[n+]1[O-],308.16200000000003,1.6061999999999999,0.0,3.0
42,CHEMBL1774812,Non-toxic,O=C(c1ccccc1)c1c(C(F)(F)F)[n+]([O-])c2cc(F)c(F)cc2[n+]1[O-],370.233,2.6346000000000016,0.0,3.0
43,CHEMBL1424857,Toxic,CC(=O)c1c(C)[n+]([O-])c2cc(F)c(F)cc2[n+]1[O-],254.19199999999998,0.8958200000000001,0.0,3.0
44,CHEMBL1778446,Non-toxic,COCCc1sc(S(=O)(=O)NC(=O)Nc2cc(Br)cc3nccn23)cc1C,473.37400000000014,3.1660200000000014,2.0,7.0
45,CHEMBL1778449,Toxic,COCCc1sc(S(=O)(=O)NC(=O)Nc2cc(Br)cc(N)n2)cc1C,449.35200000000015,2.495520000000001,3.0,7.0
46,CHEMBL1823817,Non-toxic,COC[C@H](O)Cn1c(=O)cnn(-c2ccc(Cl)c(C(=O)NCC3(O)CCCCCC3)c2)c1=O,480.94900000000047,0.8699999999999988,3.0,9.0
47,CHEMBL3084389,Non-toxic,Cc1c(Nc2ccc(C#N)cc2Cl)ncnc1O[C@@H]1C[C@@H]2CC[C@H](C1)N2S(=O)(=O)C1CC1,473.98600000000033,3.9201000000000032,1.0,7.0
48,CHEMBL1800774,Non-toxic,CC(C)(N)C(=O)N1CCn2c(nc(-c3ccc(F)cc3)c2Nc2ccc(F)c(F)c2)C1,429.4460000000001,3.7905000000000024,2.0,5.0
49,CHEMBL1808384,Non-toxic,C[C@@]1(c2cccc(NS(C)(=O)=O)c2)[C@H]2CN(CCCc3ccccc3)C[C@H]21,384.54500000000013,3.510200000000003,1.0,3.0
50,CHEMBL1809106,Non-toxic,CC(C)(CO)Cn1ncn(-c2ccc(N3CCN(c4ccc(OC[C@H]5CO[C@](Cn6cncn6)(c6ccc(F)cc6F)O5)cc4)CC3)cn2)c1=O,703.7510000000002,2.991200000000001,1.0,14.0
51,CHEMBL1668019,Non-toxic,CCCCN1C(=O)[C@@H]([C@H](O)C2CCCCC2)NC(=O)C12CCN(Cc1ccc(Oc3ccc(C(=O)O)cc3)cc1)CC2,577.7220000000002,4.580000000000004,3.0,6.0
52,CHEMBL1812161,Non-toxic,CC(C)=CCC/C(C)=C/CC/C(C)=C/CC[C@@](C)(O)CCC1=C(C)C(=O)C(C)=C(C)C1=O,440.6680000000003,7.521700000000008,1.0,3.0
53,CHEMBL1829335,Non-toxic,C[C@@H]1CCCN1CCCOc1ccc(-c2ccc(=O)[nH]n2)cc1,313.401,2.6901,1.0,4.0
54,CHEMBL1819090,Non-toxic,Cn1c(=O)c2c(cc(N3CCC[C@@](C)(N)C3)n2Cc2cc(F)ccc2C#N)n(C)c1=O,424.4800000000001,1.4153799999999996,1.0,8.0
55,CHEMBL1822422,Non-toxic,Clc1ccc(Oc2nc(C(Cl)(Cl)Cl)nc3ccccc23)cc1,374.0540000000001,5.9022000000000014,0.0,3.0
56,CHEMBL53463,Toxic,COc1cccc2c1C(=O)c1c(O)c3c(c(O)c1C2=O)C[C@@](O)(C(=O)CO)C[C@@H]3O[C@H]1C[C@H](N)[C@H](O)[C@H](C)O1,543.5250000000003,0.0012999999999993017,6.0,12.0
57,CHEMBL1837037,Non-toxic,CN1Cc2cc(Cl)ccc2-n2c(nnc2C2CCN(c3ccccn3)CC2)C1,394.9100000000002,3.645100000000003,0.0,6.0
58,CHEMBL1834420,Non-toxic,N=C(N)NCCC[C@H](N)C(=O)Nc1ccc(Oc2ccc(S(=O)(=O)CC3CS3)cc2)cc1,477.6120000000002,1.897070000000001,5.0,7.0
59,CHEMBL1834422,Non-toxic,Nc1ccc(Oc2ccc(S(=O)(=O)CC3CS3)cc2)cc1,321.423,2.9502000000000015,1.0,5.0
60,CHEMBL1834554,Non-toxic,Nc1ncnc2c1O[C@@H](c1ccc([C@H]3CC[C@H](CC(=O)O)CC3)cc1)CO2,369.4210000000001,3.3198000000000016,2.0,6.0
61,CHEMBL1915783,Non-toxic,Cc1noc(NC(=O)N2CCC3(CC2)CC(c2ccc(F)c(Cl)c2)C3)c1C,391.874,5.2756400000000045,1.0,3.0
62,CHEMBL1916399,Non-toxic,N#Cc1cc(OC(F)(F)F)cc(-c2nc(-c3ccc4c(c3)CCN4C(=O)CCC(=O)O)no2)c1,472.37900000000036,3.927780000000003,1.0,7.0
63,CHEMBL1916559,Non-toxic,O=C(O)CCC(=O)N1CCc2cc(-c3noc(-c4cc(C(F)(F)F)cc(C(F)(F)F)c4)n3)ccc21,499.3670000000001,5.195100000000003,1.0,5.0
64,CHEMBL1923983,Non-toxic,CNc1nc2[nH]c(-c3cccc(CNC(=O)COC)n3)cc2c2c1ncn2C,379.4240000000001,1.8158999999999996,3.0,7.0
65,CHEMBL1922440,Non-toxic,O=[N+]([O-])c1ncn(CCCNc2ccnc3cc(Cl)ccc23)n1,332.7510000000001,2.8901000000000003,1.0,7.0
66,CHEMBL1922444,Non-toxic,O=[N+]([O-])c1ncn(CCCNc2nc(-c3ccccc3)nc3ccccc23)n1,375.3920000000001,3.298700000000002,1.0,8.0
67,CHEMBL1922453,Non-toxic,O=[N+]([O-])c1ncn(CCCNCc2cc(C(F)(F)F)cc(C(F)(F)F)c2)n1,397.279,3.403800000000002,1.0,6.0
68,CHEMBL1923502,Non-toxic,C[C@@H]1CN[C@@H](C2CC2)C(=O)N(C)[C@H](C)C(=O)N[C@H](Cc2ccc(F)cc2)C(=O)NCCCc2ccccc2O1,538.6640000000003,2.5980000000000025,3.0,5.0
69,CHEMBL1766813,Non-toxic,COCCN(C)c1ccc(NC(=O)c2nc(-c3ccccc3)oc2C(F)(F)F)cn1,420.391,4.090300000000003,1.0,6.0
70,CHEMBL1929387,Non-toxic,Cc1cc2ncc(C(=O)NCC(C)(C)NCC(=O)N3CCC[C@H]3C#N)cn2n1,383.45600000000013,0.6503000000000008,2.0,7.0
71,CHEMBL66165,Non-toxic,Clc1ccc2c(NCCCCNc3ccnc4cc(Cl)ccc34)ccnc2c1,411.33600000000007,6.394000000000004,2.0,4.0
72,CHEMBL253431,Non-toxic,CCS(=O)(=O)CCN(C(=O)Cc1ccc(F)c(C(F)(F)F)c1)[C@H](C)c1nc2ncccc2c(=O)n1-c1ccc(C#N)cc1,615.609,4.377280000000003,0.0,8.0
73,CHEMBL1223852,Non-toxic,CC1=C(C)C(=O)C(CC[C@](C)(O)CCC[C@H](C)CCC[C@H](C)CCCC(C)C)=C(C)C1=O,446.71600000000035,7.761400000000009,1.0,3.0
74,CHEMBL227875,Non-toxic,O=[N+]([O-])c1cn2c(n1)OC[C@@H](OCc1ccc(OC(F)(F)F)cc1)C2,359.26,2.667700000000001,0.0,7.0
75,CHEMBL1945829,Non-toxic,O=C(O[C@@H]1COc2nc([N+](=O)[O-])cn2C1)N1CCN(c2ccc(OC(F)(F)F)cc2)CC1,457.3650000000001,2.4097,0.0,9.0
76,CHEMBL1822067,Non-toxic,CCCS(=O)(=O)Nc1ccc(F)c(C(=O)Nc2cnc3[nH]nc(OC)c3c2)c1F,425.41700000000014,2.6487000000000007,3.0,6.0
77,CHEMBL1822068,Non-toxic,CCCS(=O)(=O)Nc1ccc(Cl)c(C(=O)Nc2cnc3[nH]nc(OC)c3c2)c1F,441.8720000000001,3.163000000000001,3.0,6.0
78,CHEMBL1945845,Non-toxic,Cc1n[nH]c(=O)cc1-c1ccc(OC2CCN(C3CCC3)CC2)cc1,339.43900000000014,3.141020000000002,1.0,4.0
79,CHEMBL1946837,Non-toxic,N[C@H]1CC[C@H](Nc2ncc3nc(Nc4ccc(F)cc4F)n(C4CCCC4)c3n2)CC1,427.5030000000003,4.645000000000003,3.0,7.0
80,CHEMBL1950289,Non-toxic,O[C@H]1CC[C@H](Nc2ncc3nc(Nc4c(F)cc(F)cc4F)n([C@H]4CCOC4)c3n2)CC1,448.4490000000003,3.6640000000000024,3.0,8.0
81,CHEMBL1945843,Toxic,C[C@@H]1CCCN1CCCOc1ccc(-c2cnn(-c3ccccn3)c(=O)c2)cc1,390.48700000000014,3.5477000000000025,0.0,6.0
82,CHEMBL2012958,Non-toxic,Cc1nc2c(C#N)cccc2n1-c1ccc(C(=O)NC2CC2)s1,322.3930000000001,3.1593000000000018,1.0,5.0
83,CHEMBL2017291,Non-toxic,COc1cc2c(cc1-c1c(C)noc1C)ncc1[nH]c(=O)n([C@H](C)c3ccccn3)c12,415.45300000000015,4.162540000000002,1.0,7.0
84,CHEMBL2017281,Toxic,COc1cc2c(Nc3cccc4cccnc34)c(C(N)=O)cnc2cc1-c1c(C)noc1C,439.47500000000025,4.905940000000003,2.0,7.0
85,CHEMBL2031886,Non-toxic,CN(C)C(=O)c1ccc(-c2ccc3c(c2)CCN(CCN2CCCC2)C3=O)cc1,391.5150000000002,3.1495000000000024,0.0,3.0
86,CHEMBL2029546,Non-toxic,NC/C=C(/F)COc1ccc(C(=O)NC2CCCCC2)cc1,306.3810000000001,2.9400000000000013,2.0,3.0
87,CHEMBL2041980,Non-toxic,CS(=O)(=O)c1ccc(-c2cnc(N)c(-c3ccc(C(F)(F)F)nc3)c2)cc1,393.39000000000004,3.815100000000002,1.0,5.0
88,CHEMBL531475,Non-toxic,COc1ccc(-c2cc(-c3ccc(S(C)(=O)=O)cc3)cnc2N)cn1,355.41900000000004,2.8049,1.0,6.0
89,CHEMBL2043437,Non-toxic,CN1CC[C@@H](NC(=O)Nc2ccc(C#N)cc2)C[C@@H]1c1nc2ccccc2[nH]1,374.4480000000001,3.391580000000002,3.0,4.0
90,CHEMBL2041766,Non-toxic,Clc1ccc(Sc2nc(C(Cl)(Cl)Cl)nc3ccccc23)cc1,390.12200000000007,6.261100000000002,0.0,3.0
91,CHEMBL2046998,Non-toxic,Nc1ccc(-c2ccc(Cl)cc2)cc1,203.67200000000003,3.5892000000000017,1.0,1.0
92,CHEMBL83147,Non-toxic,Nc1ccc(-c2ccc(F)cc2)cc1,187.217,3.0749000000000013,1.0,1.0
93,CHEMBL2046997,Non-toxic,Nc1ccc(-c2cccc(Cl)c2)cc1,203.672,3.5892000000000017,1.0,1.0
94,CHEMBL83162,Non-toxic,Nc1ccc(-c2cccc(F)c2)cc1,187.21699999999998,3.0749000000000013,1.0,1.0
95,CHEMBL2046996,Non-toxic,Nc1ccc(-c2ccccc2F)cc1,187.21699999999998,3.0749000000000013,1.0,1.0
96,CHEMBL2046994,Non-toxic,Nc1ccc(-c2ccccc2)c(F)c1,187.21699999999998,3.0749000000000013,1.0,1.0
97,CHEMBL443531,Non-toxic,Nc1ccc(-c2ccccc2)cc1Cl,203.672,3.5892000000000017,1.0,1.0
98,CHEMBL82377,Non-toxic,Nc1ccc(-c2ccccc2)cc1F,187.21699999999998,3.0749000000000013,1.0,1.0
99,CHEMBL2046990,Non-toxic,Nc1ccc(-c2ccccc2Cl)cc1,203.672,3.5892000000000017,1.0,1.0
100,CHEMBL2046988,Non-toxic,Nc1ccc(-c2c(F)cccc2F)cc1,205.20700000000002,3.2140000000000013,1.0,1.0
101,CHEMBL2046987,Non-toxic,N#Cc1cc(N)ccc1-c1ccccc1Cl,228.68200000000002,3.4608800000000013,1.0,2.0
102,CHEMBL2047002,Non-toxic,Nc1ccc(-c2c(F)cccc2Cl)c(F)c1,239.65200000000002,3.867400000000001,1.0,1.0
103,CHEMBL2047001,Non-toxic,N#Cc1cc(Cl)ccc1-c1ccc(N)cc1F,246.67199999999997,3.5999800000000013,1.0,2.0
104,CHEMBL2047000,Non-toxic,Nc1ccc(-c2ccc(F)cc2F)c(F)c1,223.19699999999997,3.3531000000000013,1.0,1.0
105,CHEMBL2046999,Non-toxic,Nc1ccc(-c2c(F)cccc2F)c(F)c1,223.197,3.3531000000000013,1.0,1.0
106,CHEMBL2046995,Non-toxic,Nc1ccc(-c2ccccc2)c(Cl)c1,203.672,3.5892000000000017,1.0,1.0
107,CHEMBL2046993,Non-toxic,N#Cc1ccc(-c2ccc(N)cc2F)c(Cl)c1,246.67199999999994,3.5999800000000013,1.0,2.0
108,CHEMBL2046992,Non-toxic,CS(=O)(=O)NCc1ccc(-c2ccc(N)cc2F)c(Cl)c1,328.79600000000005,2.7775,2.0,3.0
109,CHEMBL2046991,Non-toxic,Nc1ccc(-c2ccccc2Cl)c(F)c1,221.66199999999998,3.7283000000000017,1.0,1.0
110,CHEMBL2046989,Non-toxic,Nc1ccc(-c2ccccc2F)c(F)c1,205.20699999999997,3.2140000000000013,1.0,1.0
111,CHEMBL2048028,Non-toxic,CS(=O)(=O)c1cccc(C[C@H](NC(=O)c2c(Cl)cc3c(c2Cl)CCN(C(=O)c2ccc4ccoc4c2)C3)C(=O)O)c1,615.4910000000003,4.767300000000004,2.0,6.0
112,CHEMBL2046867,Non-toxic,CCOc1cccc([C@@]2(N3CCN(c4ccccc4)CC3)[C@H]3C[C@H](C)C[C@H]32)c1,376.54400000000015,4.778700000000005,0.0,3.0
113,CHEMBL2047879,Non-toxic,Nc1ncnc2c(C(=O)Nc3c(Cl)ccc(NS(=O)(=O)CCCF)c3F)csc12,461.9030000000002,3.4196000000000017,3.0,7.0
114,CHEMBL2058831,Non-toxic,CC(C)[C@@H]1c2nc(-c3ccc(F)cc3)c(Nc3ccc(F)c(Cl)c3)n2CCN1C(=O)CN,459.9280000000003,4.723300000000003,2.0,5.0
115,CHEMBL2146883,Non-toxic,O=C(c1ccc(F)c(F)c1Nc1ccc(I)cc1F)N1CC(O)([C@@H]2CCCCN2)C1,531.3160000000003,3.781100000000002,3.0,4.0
116,CHEMBL2153191,Non-toxic,CCCSc1nc(N2CCC[C@@H](CC(=O)O)C2)ccc1C(=O)NC1CCCCC1,419.59100000000024,4.337300000000003,2.0,5.0
117,CHEMBL2151060,Non-toxic,O=[N+]([O-])c1cn(-c2ccccc2OC(F)(F)F)cn1,273.16999999999996,2.679100000000001,0.0,5.0
118,CHEMBL2153241,Non-toxic,O=[N+]([O-])c1cn(-c2ccc(Cl)c(Cl)c2)cn1,258.06399999999996,3.087300000000001,0.0,4.0
119,CHEMBL2153243,Non-toxic,O=[N+]([O-])c1cn(-c2ccc(F)c(Cl)c2)cn1,241.60899999999998,2.5730000000000004,0.0,4.0
120,CHEMBL2153117,Non-toxic,O=[N+]([O-])c1cn(-c2ccc(OC(F)(F)F)cc2)cn1,273.16999999999996,2.679100000000001,0.0,5.0
121,CHEMBL2152561,Non-toxic,O=C(O)c1cccc(-c2cccc(CCS)c2C(=O)O)c1,302.351,3.2223000000000015,3.0,3.0
122,CHEMBL2170804,Non-toxic,OCCn1cc(-c2cnc3nnn(Cc4ccc5ncccc5c4)c3n2)cn1,372.39200000000005,1.6735999999999995,1.0,9.0
123,CHEMBL2170610,Non-toxic,CC(=O)N1CCC(c2ccc(C(=O)NC(=N)N)cc2C(F)(F)F)CC1,356.3480000000001,2.05457,3.0,3.0
124,CHEMBL2181208,Non-toxic,Clc1ccc2c(Nc3ccc4c(c3)NCN(Cc3ccccc3)C4)ccnc2c1,400.9130000000001,6.017000000000005,2.0,4.0
125,CHEMBL2181207,Non-toxic,CCCN1CNc2cc(Nc3ccnc4cc(Cl)ccc34)ccc2C1,352.86900000000014,5.226800000000004,2.0,4.0
126,CHEMBL2181215,Non-toxic,CCCN1COc2cc(Nc3ccnc4cc(Cl)ccc34)ccc2C1,353.85300000000007,5.193700000000004,1.0,4.0
127,CHEMBL2181214,Non-toxic,CCN1COc2cc(Nc3ccnc4cc(Cl)ccc34)ccc2C1,339.8260000000001,4.803600000000003,1.0,4.0
128,CHEMBL2178422,Non-toxic,N[C@@H]1c2cccnc2[C@H](OC(=O)N2CCC(n3c(=O)[nH]c4ncccc43)CC2)CC[C@H]1c1cccc(F)c1F,534.5670000000003,4.490000000000004,2.0,7.0
129,CHEMBL2179510,Non-toxic,Cc1noc(-c2ccc3c(c2)c2c(n3CCCSc3cc(F)cc(F)c3)CCCC2)n1,439.5310000000002,6.339120000000004,0.0,5.0
130,CHEMBL2177609,Non-toxic,CC(C)(C)c1c(C(=O)NC2C3CC4CC(C3)CC2C4)cnn1-c1ccc(C(=O)O)cc1,421.5410000000001,4.422500000000004,2.0,4.0
131,CHEMBL2206509,Non-toxic,Cc1ccc2c(c1)CN(C)C[C@H]2c1ccc(F)cc1,255.336,3.711420000000003,0.0,1.0
132,CHEMBL444116,Non-toxic,O=C(O)c1cccc(NC(=O)c2cccc3c2C(=O)c2ccccc2-3)c1,343.338,3.8485000000000014,2.0,3.0
133,CHEMBL2204538,Non-toxic,COCCOc1nc(-c2ccc(Cl)nc2)nc2c1CN(C(=O)c1ncn3ccccc13)CC2,464.9130000000003,3.0634000000000015,0.0,8.0
134,CHEMBL2203817,Toxic,Cn1c(C#N)ccc1-c1ccc(N)cc1,197.24099999999999,2.1459799999999998,1.0,3.0
135,CHEMBL2203834,Non-toxic,CCS(=O)(=O)Nc1ccc(-c2ccc(C#N)n2C)c(C(F)(F)F)c1,357.357,3.3441800000000015,1.0,4.0
136,CHEMBL2203836,Non-toxic,CCS(=O)(=O)Nc1cc(F)c(-c2ccc(C#N)n2C)c(F)c1,325.34000000000003,2.603580000000001,1.0,4.0
137,CHEMBL2203833,Non-toxic,Cn1c(C#N)ccc1-c1ccc(NS(C)(=O)=O)cc1F,293.323,2.07438,1.0,4.0
138,CHEMBL2203821,Non-toxic,CCS(=O)(=O)Nc1ccc(-c2ccc(C#N)n2C)cc1,289.36,2.32538,1.0,4.0
139,CHEMBL2204663,Non-toxic,CCn1cc2c(Oc3cnc(C(=O)N4CCC4)c(F)c3)cc(C(=O)Nc3cnc(C)cn3)cc2n1,475.48400000000015,3.579220000000002,1.0,8.0
140,CHEMBL2207689,Toxic,COc1cc(-c2nn(C(C)C)cc2-c2ccnc(NC[C@H](C)O)n2)c(C)nc1N,397.4830000000002,2.6749199999999993,3.0,9.0
141,CHEMBL2207688,Non-toxic,COc1cc(-c2nn(C(C)C)cc2-c2ccnc(NC[C@H](C)O)n2)cnc1N,383.45600000000013,2.3664999999999994,3.0,9.0
142,CHEMBL2207359,Non-toxic,O=C(Nc1ccn2ccnc2n1)N1CCN(Cc2cccc(Oc3ccc(Cl)cc3)c2)CC1,462.94100000000014,4.524700000000004,1.0,6.0
143,CHEMBL2207358,Non-toxic,O=C(Nc1ccnc2nccn12)N1CCN(Cc2cccc(Oc3ccc(Cl)cc3)c2)CC1,462.94100000000014,4.524700000000004,1.0,6.0
144,CHEMBL2207357,Non-toxic,O=C(Nc1cc2nccn2cn1)N1CCN(Cc2cccc(Oc3ccc(Cl)cc3)c2)CC1,462.94100000000014,4.524700000000004,1.0,6.0
145,CHEMBL2203328,Non-toxic,O=C(Nc1cnc2cccnn12)N1CCN(Cc2cccc(Oc3ccc(Cl)cc3)c2)CC1,462.94100000000014,4.524700000000004,1.0,6.0
146,CHEMBL2207356,Non-toxic,O=C(Nc1cccc2nccn12)N1CCN(Cc2cccc(Oc3ccc(Cl)cc3)c2)CC1,461.9530000000002,5.129700000000005,1.0,5.0
147,CHEMBL2207355,Non-toxic,O=C(Nc1ccc2nccn2c1)N1CCN(Cc2cccc(Oc3ccc(Cl)cc3)c2)CC1,461.9530000000002,5.129700000000005,1.0,5.0
148,CHEMBL2207354,Toxic,O=C(Nc1ccn2ccnc2c1)N1CCN(Cc2cccc(Oc3ccc(Cl)cc3)c2)CC1,461.9530000000002,5.129700000000005,1.0,5.0
149,CHEMBL2207353,Non-toxic,O=C(Nc1cccn2ccnc12)N1CCN(Cc2cccc(Oc3ccc(Cl)cc3)c2)CC1,461.9530000000002,5.129700000000005,1.0,5.0
150,CHEMBL2207352,Non-toxic,O=C(Nc1cn2ccccc2n1)N1CCN(Cc2cccc(Oc3ccc(Cl)cc3)c2)CC1,461.9530000000002,5.129700000000005,1.0,5.0
151,CHEMBL2207351,Non-toxic,O=C(Nc1cnc2ccccn12)N1CCN(Cc2cccc(Oc3ccc(Cl)cc3)c2)CC1,461.9530000000002,5.129700000000005,1.0,5.0
152,CHEMBL2207350,Non-toxic,O=C(Nc1noc2cccnc12)N1CCN(Cc2cccc(Oc3ccc(Cl)cc3)c2)CC1,463.9250000000002,5.018200000000005,1.0,6.0
153,CHEMBL2207349,Non-toxic,O=C(Nc1noc2ccncc12)N1CCN(Cc2cccc(Oc3ccc(Cl)cc3)c2)CC1,463.9250000000002,5.018200000000005,1.0,6.0
154,CHEMBL2207348,Non-toxic,O=C(Nc1noc2cnccc12)N1CCN(Cc2cccc(Oc3ccc(Cl)cc3)c2)CC1,463.9250000000002,5.018200000000005,1.0,6.0
155,CHEMBL2207347,Non-toxic,O=C(Nc1noc2ncccc12)N1CCN(Cc2cccc(Oc3ccc(Cl)cc3)c2)CC1,463.9250000000002,5.018200000000005,1.0,6.0
156,CHEMBL2207346,Non-toxic,O=C(Nc1noc2ccccc12)N1CCN(Cc2cccc(Oc3ccc(Cl)cc3)c2)CC1,462.9370000000001,5.623200000000005,1.0,5.0
157,CHEMBL2207345,Toxic,O=C(Nc1cnc2cc[nH]c2c1)N1CCN(Cc2cccc(Oc3ccc(Cl)cc3)c2)CC1,461.9530000000002,5.358300000000005,2.0,4.0
158,CHEMBL2207344,Toxic,O=C(Nc1cnc2[nH]ccc2c1)N1CCN(Cc2cccc(Oc3ccc(Cl)cc3)c2)CC1,461.9530000000002,5.358300000000005,2.0,4.0
159,CHEMBL2207343,Toxic,O=C(Nc1cncc2ccccc12)N1CCN(Cc2cccc(Oc3ccc(Cl)cc3)c2)CC1,472.9760000000002,6.030200000000005,1.0,4.0
160,CHEMBL2207342,Toxic,Cc1nc2cc(NC(=O)N3CCN(Cc4cccc(Oc5ccc(Cl)cc5)c4)CC3)ccc2o1,476.9640000000002,5.931620000000006,1.0,5.0
161,CHEMBL2207341,Toxic,O=C(Nc1cccc2cn[nH]c12)N1CCN(Cc2cccc(Oc3ccc(Cl)cc3)c2)CC1,461.9530000000002,5.358300000000005,2.0,4.0
162,CHEMBL2207340,Non-toxic,O=C(Nc1cccc2nsnc12)N1CCN(Cc2cccc(Oc3ccc(Cl)cc3)c2)CC1,479.99300000000017,5.486700000000004,1.0,6.0
163,CHEMBL2207366,Toxic,O=C(Nc1cccc2nonc12)N1CCN(Cc2cccc(Oc3ccc(Cl)cc3)c2)CC1,463.9250000000002,5.018200000000005,1.0,6.0
164,CHEMBL2207365,Toxic,O=C(Nc1nocc1Cl)N1CCN(Cc2cccc(Oc3ccc(Cl)cc3)c2)CC1,447.3220000000001,5.123400000000005,1.0,5.0
165,CHEMBL2207364,Non-toxic,O=C(Nc1ccon1)N1CCN(Cc2cccc(Oc3ccc(Cl)cc3)c2)CC1,412.8770000000002,4.470000000000004,1.0,5.0
166,CHEMBL2207363,Non-toxic,O=C(Nc1nn[nH]n1)N1CCN(Cc2cccc(Oc3ccc(Cl)cc3)c2)CC1,413.86900000000014,2.9951000000000008,2.0,6.0
167,CHEMBL2207362,Non-toxic,O=C(Nc1cc[nH]n1)N1CCN(Cc2cccc(Oc3ccc(Cl)cc3)c2)CC1,411.89300000000014,4.205100000000003,2.0,4.0
168,CHEMBL2164602,Non-toxic,O=C(Nc1cccnc1)N1CCN(Cc2cccc(Oc3ccc(Cl)cc3)c2)CC1,422.91600000000017,4.877000000000005,1.0,4.0
169,CHEMBL2207361,Non-toxic,O=C(Nc1cccnn1)N1CCN(Cc2cccc(Oc3ccc(Cl)cc3)c2)CC1,423.9040000000001,4.272000000000003,1.0,5.0
170,CHEMBL2207360,Non-toxic,O=C(Nc1cnccn1)N1CCN(Cc2cccc(Oc3ccc(Cl)cc3)c2)CC1,423.9040000000001,4.272000000000003,1.0,5.0
171,CHEMBL2164596,Non-toxic,O=C(Nc1ccccc1)N1CCN(Cc2cccc(Oc3ccc(Cl)cc3)c2)CC1,421.9280000000001,5.4820000000000055,1.0,3.0
172,CHEMBL2228155,Non-toxic,CN/C(=N/CC1CCOC1)N[N+](=O)[O-],202.214,-0.6203999999999994,2.0,4.0
173,CHEMBL2287230,Non-toxic,CO/C=C(/C(=O)OC)c1ccccc1COc1cc(C(F)(F)F)nc(Nc2cccc(Cl)c2Cl)n1,528.3140000000001,6.2851000000000035,1.0,7.0
174,CHEMBL2312784,Non-toxic,CCCCCCCCCC(CCCCCCCCC)CC(=O)OC[C@H]1O[C@H](O[C@H]2O[C@H](COC(=O)CC(CCCCCCCCC)CCCCCCCCC)[C@@H](O)[C@H](O)[C@H]2O)[C@H](O)[C@@H](O)[C@@H]1O,959.3969999999996,10.279999999999989,6.0,13.0
175,CHEMBL2322875,Non-toxic,COc1cc(N2CCN(C(=O)Cn3nc(C(F)(F)F)c(Cl)c3C)CC2)ccc1Cl,451.2760000000002,3.874520000000003,0.0,5.0
176,CHEMBL2323021,Non-toxic,C[C@@H]1CN(c2ccc(F)cc2C(F)(F)F)CCN1S(=O)(=O)c1ccc([C@@](O)(C(N)=O)C(F)(F)F)s1,549.4900000000001,3.040600000000001,2.0,6.0
177,CHEMBL2018969,Non-toxic,COc1cccc2c1c(NS(=O)(=O)c1ccc(Cl)s1)nn2Cc1cccc(CNC(=O)C(C)(C)O)c1,549.0740000000003,3.996000000000002,3.0,8.0
178,CHEMBL2336410,Non-toxic,Cc1cc(C[C@@H](NC(=O)N2CCC(N3Cc4ccccc4NC3=O)CC2)C(=O)N2CCC(N3CCCCC3)CC2)cc2cn[nH]c12,626.8060000000002,4.481020000000003,3.0,5.0
179,CHEMBL2338343,Non-toxic,CC(C)CCOc1ccc2c(c1)[C@H]1OCCC[C@H]1[C@@H](C1CCOCC1)N2,359.5100000000001,4.7999000000000045,1.0,4.0
180,CHEMBL2349603,Non-toxic,O=C(Nc1cccc(-c2cnco2)c1)N(CCC(c1ccccc1)c1ccccc1)CCN1CCOCC1,510.6380000000003,5.729900000000007,1.0,5.0
181,CHEMBL2348361,Non-toxic,CCC(O)(/C=C/c1ccc(C(CC)(CC)c2ccc(-c3ccc(CC(=O)O)cn3)c(C)c2)cc1C)CC,499.6950000000003,7.662940000000009,2.0,3.0
182,CHEMBL2348780,Non-toxic,C[C@@H]1C[C@H]2[C@@H]3CCC4=CC(=O)C=C[C@]4(C)C3=CC[C@]2(C)[C@@]1(O)C(=O)CO,356.4620000000001,2.752900000000001,2.0,4.0
183,CHEMBL2377735,Non-toxic,O=C(Nc1nc2ccccc2s1)N(CCC(c1ccccc1)c1ccccc1)CCN1CCOCC1,500.66800000000035,5.684600000000008,1.0,5.0
184,CHEMBL2380648,Non-toxic,CC(C)(C)N1CCN(c2ccc(N3CCN(C(=O)N[C@H]4C5CC6CC4C[C@](C(N)=O)(C6)C5)c4ccccc43)nc2)CC1,571.7700000000002,4.350000000000002,2.0,6.0
185,CHEMBL190,Non-toxic,Cn1c(=O)c2nc[nH]c2n(C)c1=O,180.16699999999997,-1.0397000000000005,1.0,5.0
186,CHEMBL628,Non-toxic,CC(=O)CCCCn1c(=O)c2c(ncn2C)n(C)c1=O,278.31200000000007,0.19300000000000006,0.0,7.0
187,CHEMBL113,Non-toxic,Cn1c(=O)c2c(ncn2C)n(C)c1=O,194.194,-1.0293,0.0,6.0
188,CHEMBL3216810,Non-toxic,COc1ccc2nc3cc(Cl)ccc3c(NCCCNCCCl)c2c1,378.30300000000017,4.680400000000003,2.0,4.0
189,CHEMBL2386917,Non-toxic,Cc1cccc2nc(Cn3cnc4ccccc43)cc(=O)n12,290.3260000000001,2.40092,0.0,5.0
190,CHEMBL2387002,Non-toxic,CC(C)n1cc(C(=O)c2cccc(NC(=O)Nc3ccc(Cl)cc3)c2)c2c(N)ncnc21,448.91400000000016,5.122800000000003,3.0,6.0
191,CHEMBL2403551,Non-toxic,Cc1cc(N2CC[C@@H](N3CCC[C@H]3C)C2)ccc1NC(=O)c1cc(F)ccc1C,395.5220000000001,4.757840000000004,1.0,3.0
192,CHEMBL2403550,Non-toxic,Cc1cc(N2CC[C@H](N3CCC[C@@H]3C)C2)ccc1NC(=O)c1cc(F)ccc1C,395.5220000000001,4.757840000000004,1.0,3.0
193,CHEMBL2403549,Non-toxic,Cc1cc(N2CC[C@@H](N3CCC[C@@H]3C)C2)ccc1NC(=O)c1cc(F)ccc1C,395.5220000000001,4.757840000000004,1.0,3.0
194,CHEMBL2403548,Non-toxic,Cc1cc(N2CC[C@H](N3CCC[C@H]3C)C2)ccc1NC(=O)c1cc(F)ccc1C,395.5220000000001,4.757840000000004,1.0,3.0
195,CHEMBL2401832,Non-toxic,C[C@@H](Oc1c(N)ncc2c(C3=CCN(C(N)=O)CC3)coc12)c1c(Cl)ccc(F)c1Cl,465.3120000000001,5.163700000000003,2.0,5.0
196,CHEMBL2409707,Non-toxic,C[C@]1(CS(=O)(=O)N2CCC(Oc3ccc(OC(F)(F)C(F)F)cc3)CC2)NC(=O)NC1=O,483.4400000000001,1.6943999999999992,2.0,6.0
197,CHEMBL2409518,Non-toxic,COCC[C@H]1C[C@@H]1c1cncc(OC[C@@H]2CCCN2C)c1,290.4069999999999,2.694600000000001,0.0,4.0
198,CHEMBL2409627,Non-toxic,COCC[C@H]1C[C@@H]1c1cncc(OC[C@@H]2CCCN2C)c1,290.4069999999999,2.694600000000001,0.0,4.0
199,CHEMBL2414670,Non-toxic,Cc1noc(C[C@H]2CC[C@H](c3ccc(N4CCOc5ncnc(N)c5C4=O)cc3)CC2)n1,434.5000000000002,3.3059200000000013,1.0,8.0
200,CHEMBL2413117,Non-toxic,CCOC(=O)c1c(C(F)(F)F)[n+]([O-])c2ccc(C(F)(F)F)cc2[n+]1[O-],370.205,2.320900000000001,0.0,4.0
201,CHEMBL2415076,Toxic,CCOC(=O)c1c(C(F)(F)F)[n+]([O-])c2cc(C)c(C)cc2[n+]1[O-],330.26200000000006,1.9189399999999999,0.0,4.0
202,CHEMBL2415069,Non-toxic,COC(=O)c1c(C(F)(F)F)[n+]([O-])c2cc(Cl)c(Cl)cc2[n+]1[O-],357.071,2.2188000000000008,0.0,4.0
203,CHEMBL2415068,Toxic,COC(=O)c1c(C(F)(F)F)[n+]([O-])c2ccc(Cl)cc2[n+]1[O-],322.6260000000001,1.5654,0.0,4.0
204,CHEMBL2415067,Toxic,COC(=O)c1c(C(F)(F)F)[n+]([O-])c2cc(C)c(C)cc2[n+]1[O-],316.23500000000007,1.5288400000000002,0.0,4.0
205,CHEMBL2415075,Toxic,CCOC(=O)c1c(C(F)(F)F)[n+]([O-])c2ccc(C)cc2[n+]1[O-],316.235,1.6105200000000002,0.0,4.0
206,CHEMBL2415074,Toxic,CCOC(=O)c1c(C(F)(F)F)[n+]([O-])c2ccc(OC)cc2[n+]1[O-],332.23400000000004,1.3107000000000002,0.0,5.0
207,CHEMBL2415070,Toxic,COC(=O)c1c(C(F)(F)F)[n+]([O-])c2ccc(F)cc2[n+]1[O-],306.17100000000005,1.0511,0.0,4.0
208,CHEMBL2415065,Toxic,COC(=O)c1c(C(F)(F)F)[n+]([O-])c2ccc(OC)cc2[n+]1[O-],318.20700000000005,0.9206,0.0,5.0
209,CHEMBL2413116,Toxic,CCOC(=O)c1c(C(F)(F)F)[n+]([O-])c2cc(F)c(F)cc2[n+]1[O-],338.188,1.5802999999999998,0.0,4.0
210,CHEMBL2415079,Toxic,CCOC(=O)c1c(C(F)(F)F)[n+]([O-])c2ccc(F)cc2[n+]1[O-],320.19800000000004,1.4412,0.0,4.0
211,CHEMBL2415078,Non-toxic,CCOC(=O)c1c(C(F)(F)F)[n+]([O-])c2cc(Cl)c(Cl)cc2[n+]1[O-],371.09800000000007,2.608900000000001,0.0,4.0
212,CHEMBL2415077,Toxic,CCOC(=O)c1c(C(F)(F)F)[n+]([O-])c2ccc(Cl)cc2[n+]1[O-],336.653,1.9555,0.0,4.0
213,CHEMBL2415073,Toxic,CCOC(=O)c1c(C(F)(F)F)[n+]([O-])c2ccccc2[n+]1[O-],302.208,1.3021000000000003,0.0,4.0
214,CHEMBL2415072,Non-toxic,COC(=O)c1c(C(F)(F)F)[n+]([O-])c2ccc(C(F)(F)F)cc2[n+]1[O-],356.17800000000005,1.9307999999999998,0.0,4.0
215,CHEMBL2415071,Toxic,COC(=O)c1c(C(F)(F)F)[n+]([O-])c2cc(F)c(F)cc2[n+]1[O-],324.16100000000006,1.1901999999999997,0.0,4.0
216,CHEMBL2415066,Toxic,COC(=O)c1c(C(F)(F)F)[n+]([O-])c2ccc(C)cc2[n+]1[O-],302.208,1.22042,0.0,4.0
217,CHEMBL2415064,Toxic,COC(=O)c1c(C(F)(F)F)[n+]([O-])c2ccccc2[n+]1[O-],288.18100000000004,0.912,0.0,4.0
218,CHEMBL2419044,Non-toxic,Cc1ccccc1N1CC(C)(C)N([C@H]2CNC[C@@H](C(=O)N[C@H](CC(C)C)c3ccc(F)cn3)C2)CC1=O,509.6700000000003,3.838020000000002,2.0,5.0
219,CHEMBL2425614,Non-toxic,CC(C)(C)c1cccc(CN[C@H]2C[S@+]([O-])C[C@@H](Cc3cc(O)c(N)c(F)c3)[C@@H]2O)c1,434.5770000000001,2.8513,4.0,5.0
220,CHEMBL1232461,Non-toxic,CCNC(=O)C[C@@H]1N=C(c2ccc(Cl)cc2)c2cc(OC)ccc2-n2c(C)nnc21,423.90400000000017,3.6560200000000025,1.0,6.0
221,CHEMBL2441575,Non-toxic,Nc1nc(C(=O)N2N=C3CCCC[C@@H]3[C@@]2(O)C(F)(F)F)cs1,334.3229999999999,1.9782,2.0,6.0
222,CHEMBL2441636,Non-toxic,Cc1cc(N2CC[C@H](N3CCC[C@@H]3C)C2)ccc1NC(=O)C1CCOCC1,371.5250000000002,3.4231200000000017,1.0,4.0
223,CHEMBL3086078,Non-toxic,Cc1c(Cc2cccc(NS(N)(=O)=O)c2F)c(=O)oc2cc(OC(=O)N(C)C)c(F)cc12,467.4500000000002,2.6462200000000013,2.0,6.0
224,CHEMBL3092130,Non-toxic,Nc1c(-c2ccccc2)nn(-c2nc(C(=O)O)cs2)c1-c1ccccc1,362.41400000000004,3.943200000000002,2.0,6.0
225,CHEMBL2442495,Non-toxic,Cc1c(-c2ccccc2)nn(-c2nc(C(=O)O)cs2)c1-c1ccccc1,361.42600000000004,4.669420000000003,1.0,5.0
226,CHEMBL3092360,Non-toxic,Cc1nc(N)sc1-c1nc(N2CCCC(O)C2)no1,281.34099999999995,1.04482,2.0,8.0
227,CHEMBL2204791,Non-toxic,CC(=O)Nc1nc(C)c(-c2cnc(C(C)(C)C)o2)s1,279.36499999999995,3.362420000000002,1.0,5.0
228,CHEMBL3092376,Non-toxic,CC(=O)Nc1nc(C)c(-c2nc(N3CCCC(O)C3)no2)s1,323.37800000000004,1.4210199999999997,2.0,8.0
229,CHEMBL3092366,Non-toxic,Cc1nc(N)sc1-c1nc(C(C)(C)C)no1,238.31599999999997,2.381220000000001,1.0,6.0
230,CHEMBL3092364,Toxic,Cc1nc(N)sc1-c1cnc(C(C)(C)C)o1,237.32799999999997,2.986220000000001,1.0,5.0
231,CHEMBL3092365,Non-toxic,CC(=O)Nc1nc(C)c(-c2nc(C(C)(C)C)no2)s1,280.35299999999995,2.7574200000000006,1.0,6.0
232,CHEMBL530733,Non-toxic,OC(CNC1CCCCC1)Cn1c2ccc(Br)cc2c2cc(Br)ccc21,480.2440000000001,5.602700000000004,2.0,3.0
233,CHEMBL3110076,Non-toxic,CCOc1ccc(N2CCN(c3noc(C4(NC(C)=O)CCC4)n3)[C@@H](C)C2)c(C)c1,413.5220000000003,3.0071200000000013,1.0,7.0
234,CHEMBL3112941,Toxic,O=C(Nc1ccc(-n2nccn2)nc1)N1CC2(CCN(Cc3cccc(Oc4ccc(Cl)cc4)c3)CC2)C1,530.0320000000002,5.237900000000005,1.0,7.0
235,CHEMBL3112939,Toxic,O=C(Nc1ccc(-n2nccn2)nc1)N1CCC2(CC1)CN(Cc1cccc(Oc3ccc(Cl)cc3)c1)C2,530.0320000000003,5.237900000000005,1.0,7.0
236,CHEMBL2403888,Non-toxic,C=C[C@@H]1C[C@]1(NC(=O)[C@@H]1C[C@@H](Oc2nccc3cc(OC)ccc23)CN1C(=O)[C@@H](NC(=O)OC(C)(C)C)C(C)(C)C)C(=O)NS(=O)(=O)C1CC1,713.8540000000002,3.200400000000001,3.0,10.0
237,CHEMBL3125013,Non-toxic,CN(C)CCOC(=O)c1c(-c2ccc[nH]c2=O)c2c3occc3c(F)cc2n1Cc1cc2c(=O)[nH]cnc2cc1F,559.5290000000002,4.024200000000002,2.0,8.0
238,CHEMBL3125026,Non-toxic,O=C(O)c1c(-c2ccc[nH]c2=O)c2c3occc3c(F)cc2n1Cc1cc2c(=O)[nH]cnc2cc1F,488.4060000000002,4.004000000000001,3.0,6.0
239,CHEMBL2147578,Toxic,Nc1ccc(/C=C/c2ccc(NC(=O)[C@@H]3CCCN3C(=O)Cc3ccccc3)cc2)cc1,425.5320000000001,4.611400000000004,2.0,3.0
240,CHEMBL1672955,Non-toxic,O=C(Nc1ccc(/C=C/c2ccc(NC(=O)[C@@H]3CCCN3C(=O)Cc3ccccc3)cc2)cc1)[C@@H]1CCCN1C(=O)Cc1ccccc1,640.7840000000002,6.201400000000007,2.0,4.0
241,CHEMBL3127174,Toxic,CC1CCN(c2nn(-c3nc(C(=O)O)cs3)c3ccccc23)CC1,342.4240000000001,3.416500000000002,1.0,6.0
242,CHEMBL3127173,Toxic,O=C(O)c1csc(-n2nc(N3CCCCC3)c3ccccc32)n1,328.397,3.1705000000000014,1.0,6.0
243,CHEMBL3127163,Non-toxic,O=C(O)c1csc(-n2nc(-c3ccccc3)c3ccc(C(F)(F)F)cc32)n1,389.35800000000006,4.866000000000001,1.0,5.0
244,CHEMBL3127106,Non-toxic,CN1C(=O)[C@]2(N=C1N)c1cc(-c3cccnc3F)ccc1O[C@H]1CCOC[C@@H]12,382.3950000000002,1.6671999999999998,1.0,6.0
245,CHEMBL3126382,Non-toxic,O=S(=O)(c1cccc(CCCCOCCCCCCNC[C@H](O)c2ccc(O)c(CO)c2)c1)C1CCCC1,547.758,4.823700000000004,4.0,7.0
246,CHEMBL3126380,Non-toxic,O=S(=O)(c1cccc(CCCCOCCCCCCNC[C@H](O)c2ccc(O)c(CO)c2)c1)C1CCCC1,547.758,4.823700000000004,4.0,7.0
247,CHEMBL3124968,Non-toxic,CC(C)N1CCN(C(=O)[C@H]2CC23CCN(C2CCOCC2)CC3)CC1,349.51900000000023,1.8201,0.0,4.0
248,CHEMBL3219111,Toxic,Cn1ccc(N)n1,97.12100000000002,0.0023000000000000798,1.0,3.0
249,CHEMBL3219112,Toxic,CCn1ccc(N)n1,111.14800000000001,0.48519999999999996,1.0,3.0
250,CHEMBL3219113,Toxic,CC(C)n1ccc(N)n1,125.175,1.0461999999999998,1.0,3.0
251,CHEMBL3217770,Non-toxic,Nc1cc[nH]n1,83.09400000000001,-0.008100000000000107,2.0,2.0
252,CHEMBL344760,Non-toxic,Nc1nccs1,100.14599999999999,0.7253000000000001,1.0,3.0
253,CHEMBL47803,Non-toxic,Cc1nsc(N)n1,115.16100000000002,0.42872000000000005,1.0,4.0
254,CHEMBL3219114,Non-toxic,Cc1cnc(N)cn1,109.132,0.36722,1.0,3.0
255,CHEMBL3221637,Non-toxic,CC(C)N1CCC(Oc2ccc(C3(C(N)=O)CCOCC3)cc2)CC1,346.4710000000002,2.4717000000000002,1.0,4.0
256,CHEMBL3222257,Non-toxic,Nc1ncnc2c1C(=O)N(c1ccc(-c3ccccc3Cl)c(F)c1)CCO2,384.7980000000001,3.5575000000000028,1.0,5.0
257,CHEMBL3222259,Non-toxic,Nc1ncnc2c1C(=O)N(c1ccc(-c3c(F)cccc3F)c(F)c1)CCO2,386.3330000000001,3.1823000000000015,1.0,5.0
258,CHEMBL3222262,Toxic,Nc1ncnc2c1C(=O)N(c1ccc(-c3ccccc3F)cc1)CCO2,350.3530000000001,2.9041000000000015,1.0,5.0
259,CHEMBL3219042,Non-toxic,CS(=O)(=O)Nc1cc([C@@H](O)CNCCCCCCCCCN2CCC(OC(=O)Nc3ccccc3-c3ccc(O)c(Cl)c3)CC2)ccc1O,717.3290000000003,6.856500000000008,6.0,9.0
260,CHEMBL3220543,Non-toxic,CSc1nc(N2C[C@H]3[C@@H](C2)[C@@H]3C(=O)O)ccc1C(=O)NC12CC3CC(CC(C3)C1)C2,427.57000000000033,3.268900000000002,2.0,5.0
261,CHEMBL1797269,Toxic,Cc1cc2ccccc2c2ccc3ccccc3c12,242.321,5.454620000000004,0.0,0.0
262,CHEMBL3230486,Toxic,Cc1cc2ccccc2c2c(C)cc3ccccc3c12,256.348,5.763040000000005,0.0,0.0
263,CHEMBL3230487,Non-toxic,OCc1cc2ccccc2c2ccc3ccccc3c12,258.32,4.638500000000003,1.0,1.0
264,CHEMBL3230488,Non-toxic,CC(=O)OCc1cc2ccccc2c2ccc3ccccc3c12,300.3570000000001,5.209300000000004,0.0,2.0
265,CHEMBL3230489,Non-toxic,COC(=O)c1cc2ccccc2c2ccc3ccccc3c12,286.33000000000004,4.932800000000004,0.0,2.0
266,CHEMBL3230490,Non-toxic,OCc1cc2ccccc2c2ccc3c(c12)CCCC3,262.352,4.364100000000003,1.0,1.0
267,CHEMBL3230491,Non-toxic,COC(=O)c1cc2ccccc2c2ccc3c(c12)CCCC3,290.3620000000001,4.658400000000004,0.0,2.0
268,CHEMBL3230493,Toxic,Cc1cc2ccccc2c2ccc3c(c12)C=CC(O)C3O,276.335,3.7225200000000034,2.0,2.0
269,CHEMBL3230492,Non-toxic,O=c1oc2cccc3ccc4c5ccccc5cc1c4c32,270.28700000000003,4.690400000000002,0.0,2.0
270,CHEMBL1563,Toxic,COc1cccc2c1C(=O)c1c(O)c3c(c(O)c1C2=O)C[C@@](O)(C(C)=O)C[C@@H]3O[C@H]1C[C@H](N)[C@H](O)[C@H](C)O1,527.5260000000003,1.0288999999999997,5.0,11.0
271,CHEMBL3230539,Non-toxic,COc1cccc2c1C(=N)c1c(O)c3c(c(O)c1C2=O)C[C@@](O)(C(C)=O)C[C@@H]3O[C@H]1C[C@H](N)[C@H](O)[C@H](C)O1,526.5420000000003,1.21407,6.0,11.0
272,CHEMBL3235164,Non-toxic,COCCOCn1ccc(NC(=O)c2cc(Oc3ccc(S(C)(=O)=O)cc3)cc(-c3ncccc3C)c2)n1,536.6100000000002,4.3221200000000035,1.0,9.0
273,CHEMBL3236549,Non-toxic,CC(C)c1cc(N2CC[C@@H](N)C2)nc(N)n1,221.308,0.7196,2.0,5.0
274,CHEMBL2105762,Non-toxic,CS(=O)(=O)n1cc2c(n1)CN([C@H]1CO[C@H](c3cc(F)ccc3F)[C@@H](N)C1)C2,398.4350000000001,1.1421,1.0,7.0
275,CHEMBL3249391,Non-toxic,CCN(CC)/C(C)=N/c1ccc2c(c1)C(=O)c1ccc(/N=C(\C)N(CC)CC)cc1C2=O,432.56800000000027,5.245400000000005,0.0,4.0
276,CHEMBL3249395,Non-toxic,C/C(=N\c1ccc2c(c1)C(=O)c1ccc(/N=C(\C)N(C)C)cc1C2=O)N(C)C,376.46000000000015,3.6850000000000023,0.0,4.0
277,CHEMBL3249782,Non-toxic,CN(C)/C(=N/c1ccc2c(c1)C(=O)c1ccc(/N=C(\c3ccc(Cl)cc3)N(C)C)cc1C2=O)c1ccc(Cl)cc1,569.4920000000003,7.048600000000007,0.0,4.0
278,CHEMBL3249785,Non-toxic,CN(C)/C(=N/c1ccc2c(c1)C(=O)c1ccc(/N=C(\C3CCC3)N(C)C)cc1C2=O)C1CCC1,456.5900000000004,5.2454000000000045,0.0,4.0
279,CHEMBL3249788,Non-toxic,CN(C)/C(=N/c1ccc2c(c1)C(=O)c1ccc(/N=C(\C3CC3)N(C)C)cc1C2=O)C1CC1,428.5360000000003,4.465200000000004,0.0,4.0
280,CHEMBL3245361,Non-toxic,CC(=O)/C=C(\c1ccccc1)c1c(O)c2ccccc2oc1=O,306.31700000000006,3.519300000000002,1.0,4.0
281,CHEMBL93385,Non-toxic,O=[N+]([O-])c1ccc(Nc2ccc(N=C=S)cc2)cc1,271.301,4.072700000000002,1.0,5.0
282,CHEMBL3248479,Toxic,O=C=Nc1ccc(Nc2ccc([N+](=O)[O-])cc2)cc1,255.233,3.3057000000000007,1.0,5.0
283,CHEMBL3248451,Non-toxic,O=C(O)[C@@H]1CCCN1[N+](=O)[O-],160.12900000000002,-0.2728999999999997,1.0,3.0
284,CHEMBL3248493,Non-toxic,O=C(O)C1CCCCN1[N+](=O)[O-],174.156,0.11720000000000019,1.0,3.0
285,CHEMBL3248494,Toxic,CN(CC(=O)O)[N+](=O)[O-],134.09099999999998,-0.8054999999999997,1.0,3.0
286,CHEMBL3247990,Non-toxic,COc1cccc2c1C(=O)c1c(O)c3c(c(O)c1C2=O)C[C@@](O)(C(C)=O)C[C@@H]3O[C@H]1C[C@H](N(C)C)[C@H](O)[C@H](C)O1,555.5800000000004,1.6317999999999995,4.0,11.0
287,CHEMBL3247991,Non-toxic,COc1cccc2c1C(=O)c1c(O)c3c(c(O)c1C2=O)C[C@@](O)(C(=O)CO)C[C@@H]3O[C@H]1C[C@H](N(C)C)[C@H](O)[C@H](C)O1,571.5790000000004,0.6041999999999992,5.0,12.0
288,CHEMBL3247995,Non-toxic,COc1cccc2c1C(=O)c1c(O)c3c(c(O)c1C2=O)C[C@@](O)(C(=O)CO)C[C@@H]3O[C@H]1C[C@H](N2CCCCC2)[C@H](O)[C@H](C)O1,611.6440000000003,1.5284999999999993,5.0,12.0
289,CHEMBL3247999,Non-toxic,COc1cccc2c1C(=O)c1c(O)c3c(c(O)c1C2=O)C[C@@](O)(C(C)=O)C[C@@H]3O[C@H]1C[C@H](NCc2ccccc2)[C@H](O)[C@H](C)O1,617.6510000000004,2.860000000000001,5.0,11.0
290,CHEMBL3248001,Non-toxic,COc1cccc2c1C(=O)c1c(O)c3c(c(O)c1C2=O)C[C@@](O)(C(C)=O)C[C@@H]3O[C@H]1C[C@H](N(Cc2ccccc2)Cc2ccccc2)[C@H](O)[C@H](C)O1,707.7760000000004,4.772600000000005,4.0,11.0
291,CHEMBL3248002,Non-toxic,COc1cccc2c1C(=O)c1c(O)c3c(c(O)c1C2=O)C[C@@](O)(C(C)O)C[C@@H]3O[C@H]1C[C@H](N(Cc2ccccc2)Cc2ccccc2)[C@H](O)[C@H](C)O1,709.7920000000004,4.5644000000000045,5.0,11.0
292,CHEMBL596282,Toxic,C=CCNC(=S)N/N=C/C=C/c1ccc([N+](=O)[O-])s1,296.377,2.3054000000000006,2.0,5.0
293,CHEMBL3260051,Toxic,C=CCN1C(=O)CS/C1=N\N=C\C=C\c1cccs1,291.401,2.8645000000000014,0.0,5.0
294,CHEMBL596283,Non-toxic,C=CCNC(=S)N/N=C/C=C/c1cccs1,251.38000000000002,2.3972000000000007,2.0,3.0
295,CHEMBL3260111,Non-toxic,C=CCn1c(-c2ccc(OC)cc2)cs/c1=N\N=C\C=C\c1ccco1,365.4580000000001,4.604100000000004,0.0,6.0
296,CHEMBL3260113,Non-toxic,C=CCn1c(-c2ccc(Br)cc2)cs/c1=N\N=C\C=C\c1ccco1,414.3280000000001,5.358000000000004,0.0,5.0
297,CHEMBL3260114,Toxic,C=CCn1c(-c2ccc([N+](=O)[O-])cc2)cs/c1=N\N=C\C=C\c1ccco1,380.42900000000003,4.503700000000004,0.0,7.0
298,CHEMBL3260044,Non-toxic,C=CCNC(=S)N/N=C/C=C/C=C/c1cccs1,277.418,2.953400000000001,2.0,3.0
299,CHEMBL3260048,Non-toxic,C=CCN1C(=O)CS/C1=N\N=C\C=C\c1ccc([N+](=O)[O-])s1,336.3980000000001,2.7727000000000013,0.0,7.0
300,CHEMBL3350350,Non-toxic,C=CCn1c(C)csc1=N/N=C/c1ccc([N+](=O)[O-])s1,308.38800000000003,2.948520000000001,0.0,7.0
301,CHEMBL3260054,Non-toxic,C=CCn1c(C)cs/c1=N\N=C\c1ccc([N+](=O)[O-])s1,308.38800000000003,2.948520000000001,0.0,7.0
302,CHEMBL3260076,Non-toxic,CC(=O)N(C1=NN(C(C)=O)C(c2ccc([N+](=O)[O-])s2)S1)c1ccccc1,390.4460000000001,3.574300000000002,0.0,7.0
303,CHEMBL3260056,Non-toxic,C=CCn1c(C)cs/c1=N\N=C\C=C\c1cccs1,289.42900000000003,3.705420000000003,0.0,5.0
304,CHEMBL3260067,Toxic,C=CCn1c(-c2ccc([N+](=O)[O-])cc2)cs/c1=N\N=C\C=C\c1ccc([N+](=O)[O-])s1,441.4940000000001,4.880400000000003,0.0,9.0
305,CHEMBL3260110,Non-toxic,C=CCn1c(-c2ccc(N)cc2)cs/c1=N\N=C\C=C\c1ccco1,350.44700000000006,4.177700000000002,1.0,6.0
306,CHEMBL3260073,Non-toxic,C=CCn1c(-c2ccc(Cl)cc2)cs/c1=N\N=C\C=C\C=C\c1cccs1,411.98300000000006,6.273600000000005,0.0,5.0
307,CHEMBL3260079,Non-toxic,C=CCNc1nnc(-c2ccc([N+](=O)[O-])s2)s1,268.323,2.7727000000000004,1.0,7.0
308,CHEMBL3260096,Non-toxic,C=CCn1c(C)cs/c1=N/N=C/C=C/c1ccco1,273.36100000000005,3.2369200000000022,0.0,5.0
309,CHEMBL3260097,Non-toxic,C=CCn1c(-c2ccccc2)cs/c1=N\N=C\C=C\c1ccco1,335.4320000000001,4.595500000000004,0.0,5.0
310,CHEMBL3260112,Non-toxic,C=CCn1c(-c2ccc(Cl)cc2)cs/c1=N\N=C\C=C\c1ccco1,369.87700000000007,5.248900000000004,0.0,5.0
311,CHEMBL3260115,Non-toxic,C=CCn1c(-c2ccc3ccccc3c2)cs/c1=N\N=C\C=C\c1ccco1,385.4920000000001,5.748700000000005,0.0,5.0
312,CHEMBL3259928,Non-toxic,COc1cc(C(F)(F)F)cc(SC)c1C(=O)N[C@@]1(c2ccccc2)CCCN(C)C1,438.51500000000027,4.786800000000004,1.0,4.0
313,CHEMBL3262028,Non-toxic,COCCn1cc(-c2c(C)nc3c(N4CCOCC4)nccn23)cn1,342.403,1.38422,0.0,8.0
314,CHEMBL3277794,Non-toxic,CC(C)CCCCCCCCCCCCC(=O)NCC(=O)N[C@H]1[C@H](CO)O[C@H](Nc2ncnc3[nH]cnc23)[C@@H](O)[C@@H]1O,591.7540000000002,2.1420000000000017,7.0,10.0
315,CHEMBL3277798,Non-toxic,CCCCCCCCCCCC(=O)NCC(=O)N[C@H]1[C@H](CO)O[C@H](Nc2ncnc3[nH]cnc23)[C@@H](O)[C@@H]1O,535.6460000000002,0.7257000000000027,7.0,10.0
316,CHEMBL3277800,Non-toxic,CCCCCC(=O)NCC(=O)N[C@H]1[C@H](C)O[C@H](Nc2ncnc3[nH]cnc23)[C@@H](O)[C@@H]1O,435.4850000000001,-0.5872999999999968,6.0,9.0
317,CHEMBL3277805,Non-toxic,CC(C)CCCCCCCCCCCCC(=O)N[C@H]1[C@H](C)O[C@H](Nc2ncnc3[nH]cnc23)[C@@H](O)[C@@H]1O,518.7030000000001,4.053400000000003,5.0,8.0
318,CHEMBL1200398,Non-toxic,Clc1ccc(CCC(Cn2ccnc2)Sc2c(Cl)cccc2Cl)cc1,411.7850000000001,6.637000000000003,0.0,3.0
319,CHEMBL79,Non-toxic,CCN(CC)CC(=O)Nc1c(C)cccc1C,234.343,2.5837400000000006,1.0,2.0
320,CHEMBL1028,Non-toxic,CCNCC(=O)Nc1c(C)cccc1C,206.289,1.8514399999999998,2.0,2.0
321,CHEMBL3278063,Non-toxic,CCN(CC)CC(=O)N(O)c1c(C)cccc1C,250.34199999999998,2.36744,1.0,3.0
322,CHEMBL3278064,Non-toxic,CCNCC(=O)N(O)c1c(C)cccc1C,222.28799999999998,1.6351399999999998,2.0,3.0
323,CHEMBL1340793,Non-toxic,Cc1cccc(C)c1N,121.183,1.88564,1.0,1.0
324,CHEMBL3278068,Non-toxic,Cc1cccc(C)c1NO,137.18200000000002,2.10454,2.0,2.0
325,CHEMBL2031678,Non-toxic,C[C@]1(O)[C@H](c2ccc3c(N)ncnn23)O[C@H](CO)[C@H]1O,280.284,-1.1444000000000005,4.0,8.0
326,CHEMBL3354553,Non-toxic,CC(C)(C)c1cc(NC(=O)[C@@H]2CCCCN2C(=O)N2CCS(=O)(=O)CC2)no1,412.51200000000017,1.6155,1.0,6.0
327,CHEMBL3354952,Non-toxic,CC(C)(CO)NC(=O)c1nn(-c2ccc(F)cc2F)c2c1C[C@H]1C[C@@H]21,347.3650000000001,2.3108000000000004,2.0,4.0
328,CHEMBL3358920,Non-toxic,O=C(O)C[C@H]1CCc2c1[nH]c1ccc(OCc3ccc(C4CCCC4)c(C(F)(F)F)c3)cc21,457.49200000000025,6.927800000000006,2.0,2.0
329,CHEMBL3325809,Toxic,CCCC(=O)c1cnn(-c2ccc(N)cc2)c1C,243.31,2.7457200000000013,1.0,4.0
330,CHEMBL3325810,Non-toxic,CCCC(=O)c1cnn(-c2ccc(N)nn2)c1C,245.286,1.53572,1.0,6.0
331,CHEMBL3325811,Non-toxic,CCCC(=O)c1cnn(-c2ccc(N)nc2)c1C,244.298,2.14072,1.0,5.0
332,CHEMBL3325812,Non-toxic,CCCC(=O)c1cnn(-c2ccc(N)cn2)c1C,244.298,2.14072,1.0,5.0
333,CHEMBL3325813,Non-toxic,CCCC(=O)c1cnn(-c2cnc(N)cn2)c1C,245.286,1.53572,1.0,6.0
334,CHEMBL3325814,Non-toxic,CCCC(=O)c1cnn(-c2cnc(N)s2)c1C,250.327,2.2022199999999996,1.0,6.0
335,CHEMBL3325815,Non-toxic,CCCC(=O)c1cnn([C@H]2CC[C@H](N)CC2)c1C,249.35799999999995,2.616720000000001,1.0,4.0
336,CHEMBL3325816,Non-toxic,CCCC(=O)c1cnn(C2CCN(N)CC2)c1C,250.34599999999995,1.68492,1.0,5.0
337,CHEMBL3325817,Non-toxic,CCCC(=O)c1cnn(-c2ccc(O)cc2)c1C,244.294,2.8691200000000014,1.0,4.0
338,CHEMBL3325818,Non-toxic,CCCC(=O)c1cnn(-c2ccc(N)c(C#N)c2)c1C,268.32,2.617400000000001,1.0,5.0
339,CHEMBL3325819,Non-toxic,CCCC(=O)c1cnn(-c2ccc(N)c(C(=O)O)c2)c1C,287.319,2.4439200000000003,2.0,5.0
340,CHEMBL3325453,Non-toxic,CCCC(=O)c1cnn(-c2ccc(N)c(Cl)c2)c1C,277.75500000000005,3.3991200000000017,1.0,4.0
341,CHEMBL3325889,Non-toxic,CCCC(=O)c1cnn(-c2ccc(N)c(C(N)=O)c2)c1C,286.33500000000004,1.8446200000000001,2.0,5.0
342,CHEMBL3325890,Non-toxic,CCCC(=O)c1cnn(-c2ccc3c(c2)OCCN3)c1C,285.347,2.9678200000000006,1.0,5.0
343,CHEMBL3325900,Non-toxic,CCCC(=O)c1cnn(-c2ccc(N)c(C(=O)N(C)C)c2)c1C,314.38900000000007,2.447520000000001,1.0,5.0
344,CHEMBL3337527,Non-toxic,CCCCn1ccc(N2CCC(c3ccccc3)CC2)c(Cl)c1=O,344.886,4.685800000000004,0.0,3.0
345,CHEMBL3321835,Non-toxic,CN(c1ncnc2c(-c3ccc(S(C)(=O)=O)cc3F)csc12)C1CCN(C(=O)OC(C)(C)C)CC1,520.6520000000003,4.7366000000000055,0.0,8.0
346,CHEMBL3323181,Non-toxic,CN1Cc2cc(N3CCOCC3)ccc2[C@@H](c2ccc3sccc3c2)C1,364.51400000000007,4.315200000000004,0.0,4.0
347,CHEMBL3318957,Non-toxic,CCOC[C@@H](CC(C)C)NC(=O)[C@@H]1CNC[C@H](C(=O)N(c2ccc(C(C)C)cn2)C2CC2)[C@@H]1O,474.64600000000024,2.464300000000003,3.0,6.0
348,CHEMBL3341815,Non-toxic,COC(=O)N[C@H](C(=O)N1CCC[C@@H]1c1ncc(C#CC#Cc2ccc(-c3cnc([C@H]4CCCN4C(=O)[C@@H](NC(=O)OC)C(C)C)[nH]3)cc2)[nH]1)C(C)C,710.8360000000001,4.291200000000003,4.0,8.0
349,CHEMBL3358006,Non-toxic,C[C@@H]1CN(c2nc(C(F)(F)F)no2)CCN1c1ncc(OCc2ccc(CS(C)(=O)=O)cc2F)cn1,530.5040000000002,2.856200000000001,0.0,10.0
350,CHEMBL3355225,Non-toxic,CCOc1cc(NC(=O)C2(NC(=O)c3ccc4c(C5CCCC5)c(-c5ncc(Cl)cn5)n(C)c4c3)CCC2)ccc1/C=C/C(=O)O,642.1560000000003,6.734000000000006,3.0,7.0
351,CHEMBL3330442,Non-toxic,O=C(NC[C@@H]1OC(=O)N2c3ccc(N4CCOCC4=O)cc3OC[C@@H]12)c1ccc(Cl)s1,463.8990000000001,2.2809,1.0,7.0
352,CHEMBL3329696,Non-toxic,Cc1cc(N2CCC[C@@H](N)C2)c2c(n1)n(C)c(=O)n2Cc1ccccc1C#N,376.4640000000001,1.8908999999999996,1.0,7.0
353,CHEMBL3337695,Non-toxic,COc1cccc(S(=O)(=O)N2CCCc3cc(Cc4cccnc4)ccc32)c1,394.49600000000004,3.8225000000000033,0.0,4.0
354,CHEMBL3393498,Non-toxic,CCOC(=O)c1[nH]cc2c1NC1=C(C(=O)CCC1)[C@H]2c1cccc(Oc2nc3ccccc3[nH]2)c1,468.5130000000001,5.424500000000004,3.0,6.0
355,CHEMBL3400955,Non-toxic,CCOc1nc(N)ccc1/C=C/C(=O)O,208.217,1.1602999999999999,2.0,4.0
356,CHEMBL3400956,Non-toxic,CCOc1nc(N)cnc1/C=C/C(=O)O,209.205,0.5552999999999999,2.0,5.0
357,CHEMBL3301626,Non-toxic,Cc1nc(C#Cc2ccnc(Cl)c2)c(C)n1-c1ccc(F)cc1,325.774,4.0764400000000025,0.0,3.0
358,CHEMBL3410207,Non-toxic,C(#Cc1ncn2c1COc1ccccc1-2)c1ccccc1,272.307,3.164500000000001,0.0,3.0
359,CHEMBL3416994,Toxic,CCN(CCCl)CCCNc1c2ccc(Cl)cc2nc2ccc(OC)cc12,406.3570000000002,5.4127000000000045,1.0,4.0
360,CHEMBL3416951,Non-toxic,Cc1ccc(-c2cc3nc(NC(C)(C)C)[nH]c(=O)c3s2)cc1,313.426,4.170420000000002,2.0,4.0
361,CHEMBL3416958,Non-toxic,Cc1ccc(-c2cc3nc(NC(C)C)[nH]c(=O)c3s2)cc1,299.399,3.7803200000000015,2.0,4.0
362,CHEMBL3416970,Non-toxic,CC(C)(C)Nc1nc2cc(-c3ccc(Cl)cc3)sc2c(=O)[nH]1,333.84400000000005,4.515400000000003,2.0,4.0
363,CHEMBL31184,Toxic,c1ccc2c(c1)cc1ccc3cccc4ccc2c1c34,252.31599999999997,5.737200000000003,0.0,0.0
364,CHEMBL3415600,Non-toxic,Cc1cc(C)n2c(=O)c3ncc(N[C@@H]4CCCC[C@@H]4N)cc3nc2c1,337.427,2.54134,2.0,6.0
365,CHEMBL3415601,Non-toxic,Cc1cc(C)nc(Nc2cc(N)cnc2C(N)=O)c1,257.29699999999997,1.5181399999999998,3.0,5.0
366,CHEMBL3415602,Toxic,Cc1cc(C)nc(Nc2cc(NC(C)c3ncc[nH]3)cnc2C(N)=O)c1,351.41400000000016,2.83214,4.0,6.0
367,CHEMBL3415603,Non-toxic,Cc1cc(C)nc(Nc2cc(N[C@@H]3CCCC[C@@H]3O)cnc2C(N)=O)c1,355.44200000000006,2.6513399999999994,4.0,6.0
368,CHEMBL3415599,Toxic,COc1cc(C)nc(Nc2cc(N[C@@H]3CS(=O)(=O)CC[C@@H]3N)cnc2C(N)=O)c1,420.49500000000023,0.5624200000000017,4.0,9.0
369,CHEMBL3415604,Non-toxic,Cc1cc(CCC(C)(C)O)cc(Nc2cc(N[C@@H]3CCCC[C@@H]3N)cnc2C(N)=O)n1,426.56500000000034,3.0128199999999996,5.0,7.0
370,CHEMBL3415605,Non-toxic,Cc1cc(Nc2cc(N[C@@H]3CS(=O)(=O)CC[C@@H]3N)cnc2C(N)=O)nc(C)c1-c1cnn(C)c1,484.58600000000024,1.2627400000000006,4.0,10.0
371,CHEMBL3415609,Non-toxic,NC(=O)c1ncc(N[C@@H]2CS(=O)(=O)CC[C@@H]2N)nc1-c1cc2ccccc2[nH]1,400.46400000000006,0.6501000000000008,4.0,7.0
372,CHEMBL3415606,Toxic,NC(=O)c1ncc(N[C@@H]2CCCC[C@@H]2N)cc1Nc1cccc(-n2nccn2)n1,393.45500000000004,1.5815999999999992,4.0,9.0
373,CHEMBL3415607,Toxic,CC(C)c1cccc(Nc2cc(N[C@@H]3CS(=O)(=O)CC[C@@H]3N)cnc2C(N)=O)n1,418.5230000000002,1.3688,4.0,8.0
374,CHEMBL3586032,Non-toxic,CC(=O)N1[C@@H]2C=C(c3cnc(NCc4ccc5c(c4)OCC5)c(C(=O)NC[C@H]4COc5ccccc5O4)c3)C[C@H]1CC2,566.6580000000001,4.365000000000004,2.0,7.0
375,CHEMBL3601377,Non-toxic,COc1ccc(COc2cnn(CC(=O)c3ccc(CN(C)C)cc3C)c(=O)c2)nc1,422.48500000000024,2.4788200000000007,0.0,8.0
376,CHEMBL3603923,Non-toxic,N#Cc1cc(Cl)cc(-c2cc(-c3ccc(F)cn3)ncn2)c1,310.719,3.869780000000002,0.0,4.0
377,CHEMBL3608680,Non-toxic,Cc1nsc(-c2nnc3n2CCN(C(=O)c2ccc(F)cc2)[C@@H]3C)n1,358.40200000000004,2.46112,0.0,7.0
378,CHEMBL3613921,Non-toxic,O=c1[nH]c(=O)n(Cc2cccc3ccccc23)nc1O,269.26,0.8386999999999996,2.0,5.0
379,CHEMBL3622203,Non-toxic,C[C@@H](Oc1nc(-c2cnn(C(F)F)c2)cc2ncsc12)[C@H]1CNC(=O)O1,381.3640000000001,2.8256000000000006,1.0,8.0
380,CHEMBL3622956,Non-toxic,Cc1nn(-c2ccnc(Nc3ccc4c(c3)c(Cl)c(C)n4C)n2)cc1CN1CC(O)C1,437.9350000000003,3.3443400000000008,2.0,8.0
381,CHEMBL3622957,Non-toxic,Cc1nn(-c2ccnc(Nc3ccc4c(c3)c(Cl)c(C)n4C)n2)cc1CN1CC[C@@H](O)C1,451.96200000000033,3.734440000000002,2.0,8.0
382,CHEMBL3622958,Non-toxic,Cc1nn(-c2ccnc(Nc3ccc4c(c3)c(C)c(C)n4C)n2)cc1CN1CC(O)C1,417.5170000000002,2.999360000000001,2.0,8.0
383,CHEMBL3545215,Non-toxic,CCn1c(C(=O)N(C2CC2)C2CC2)cc2c3c(ncn3C)c(Nc3cc(C)n(C)n3)nc21,432.53200000000015,3.495420000000002,1.0,8.0
384,CHEMBL3629360,Non-toxic,O=c1ccc2c([C@@H](O)CNCCc3ccc(CCN4CCC(Cn5cnc([C@](O)(c6ccccc6)C6CCCCC6)n5)CC4)cc3)ccc(O)c2[nH]1,704.9159999999998,5.4618000000000055,5.0,9.0
385,CHEMBL27,Non-toxic,CC(C)NCC(O)COc1cccc2ccccc12,259.34900000000005,2.5775000000000006,2.0,3.0
386,CHEMBL3736433,Non-toxic,CB1C=Cc2cccc(OCC(O)CN(C)C)c2N1,260.14599999999996,1.5871,2.0,4.0
387,CHEMBL3736156,Non-toxic,CB1C=Cc2c(cccc2OCC(O)CN(C)C)N1,260.14599999999996,1.5870999999999995,2.0,4.0
388,CHEMBL3740099,Non-toxic,COc1cc(N2C(=O)N(Cc3c(F)cc(F)cc3F)c3ncccc3S2(=O)=O)cnc1OC,480.4240000000002,3.2466000000000017,0.0,7.0
389,CHEMBL3740684,Non-toxic,Cc1cc(F)c(-c2ccnn(C)c2=O)cc1NC(=O)C1=CN(C)C(=O)C[C@H]1c1ccc(F)cc1,464.4720000000002,3.502220000000002,1.0,5.0
390,CHEMBL3741076,Non-toxic,CN1C=C(C(=O)Nc2cc(-c3ccn[nH]c3=O)ccc2F)[C@H](c2ccc(F)cc2)CC1=O,436.4180000000002,3.1834000000000016,2.0,4.0
391,CHEMBL3739741,Non-toxic,COC[C@H](O)Cn1c(=O)cnn(-c2ccc(C)c(NC(=O)C3=CN(C)C(=O)C[C@H]3c3ccc(F)cc3)c2)c1=O,537.5480000000002,1.317319999999999,2.0,9.0
392,CHEMBL3741681,Non-toxic,Cc1ccc(-n2ccccc2=O)cc1NC(=O)C1=CN(C)C(=O)N[C@H]1c1ccc(F)cc1,432.4550000000001,3.5037200000000013,2.0,4.0
393,CHEMBL3739648,Toxic,Cc1ccc(-c2ccnn(C)c2=O)cc1NC(=O)C1=CN(C)C(=O)C[C@H]1c1ccc(F)cc1,446.48200000000014,3.363120000000002,1.0,5.0
394,CHEMBL3740130,Toxic,Cc1ccc(-c2ccn[nH]c2=O)cc1NC(=O)C1=CN(C)C(=O)C[C@H]1c1ccc(F)cc1,432.45500000000015,3.3527200000000015,2.0,4.0
395,CHEMBL3740645,Non-toxic,Cc1ccc(-c2ccnn(CCO)c2=O)cc1NC(=O)C1=CN(C)C(=O)C[C@H]1c1ccc(F)cc1,476.5080000000002,2.8184200000000006,2.0,6.0
396,CHEMBL3740255,Non-toxic,Cc1ccc(-n2ncccc2=O)cc1NC(=O)C1=CN(C)C(=O)C[C@H]1c1ccc(F)cc1,432.4550000000002,3.148320000000002,1.0,5.0
397,CHEMBL3740047,Toxic,Cc1cc(Cl)c(OCCO)cc1N,201.653,1.6017199999999998,2.0,3.0
398,CHEMBL3741206,Toxic,COCCN1CCN(C(=O)c2sc3c([N+](=O)[O-])cc(C(F)(F)F)cc3[n+]2[O-])CC1,434.3960000000002,1.8659,0.0,7.0
399,CHEMBL3742347,Toxic,O=C(c1sc2c([N+](=O)[O-])cc(C(F)(F)F)cc2[n+]1[O-])N1CCCCC1,375.3280000000002,3.0878000000000014,0.0,5.0
400,CHEMBL3742294,Toxic,O=[N+]([O-])c1cc(C(F)(F)F)cc2c1sc(C1=NCCO1)[n+]2[O-],333.2470000000001,2.2385,0.0,6.0
401,CHEMBL3742122,Toxic,COCCN1CCN(C(=O)c2nc3cc(C(F)(F)F)cc([N+](=O)[O-])c3s2)CC1,418.39700000000016,2.6275000000000013,0.0,7.0
402,CHEMBL3739934,Toxic,O=C(c1nc2cc(C(F)(F)F)cc([N+](=O)[O-])c2s1)N1CCCCC1,359.3290000000002,3.849400000000003,0.0,5.0
403,CHEMBL3741545,Non-toxic,COCCN1CCN(C(=O)c2nc3cc(C(F)(F)F)c(C)c([N+](=O)[O-])c3s2)CC1,432.4240000000002,2.935920000000001,0.0,7.0
404,CHEMBL3739479,Non-toxic,Cc1c(C(F)(F)F)cc2nc(C(=O)N3CCCCC3)sc2c1[N+](=O)[O-],373.3560000000001,4.157820000000003,0.0,5.0
405,CHEMBL3741929,Toxic,O=[N+]([O-])c1cc(C(F)(F)F)cc2nc(C3=NCCO3)sc12,317.24800000000005,3.0001000000000007,0.0,6.0
406,CHEMBL3741511,Non-toxic,Cc1c(C(F)(F)F)cc2nc(C3=NCCO3)sc2c1[N+](=O)[O-],331.2750000000001,3.3085200000000015,0.0,6.0
407,CHEMBL3739863,Toxic,O=C([C@@H]1COC(c2nc3cc(C(F)(F)F)cc([N+](=O)[O-])c3s2)=N1)N1CCCC1,414.36500000000024,2.991100000000002,0.0,7.0
408,CHEMBL3739831,Non-toxic,Cc1c(C(F)(F)F)cc2nc(C3=N[C@H](C(=O)N4CCCC4)CO3)sc2c1[N+](=O)[O-],428.3920000000003,3.299520000000002,0.0,7.0
409,CHEMBL3739940,Non-toxic,COCc1nc2cc(C(F)(F)F)cc([N+](=O)[O-])c2s1,292.238,3.3697000000000017,0.0,5.0
410,CHEMBL3741589,Non-toxic,O=C(O)C1CN(Cc2ccc(OCc3ccc(Cl)c(Cl)c3)cc2)C1,366.24400000000014,4.0888000000000035,1.0,3.0
411,CHEMBL3695713,Non-toxic,Cn1cc(CNc2cc(OC[C@H]3C[C@@H]3c3ccccn3)nc3ccnn23)cn1,375.43600000000004,2.652400000000001,1.0,8.0
412,CHEMBL3746293,Non-toxic,Cc1c(-c2cc(Nc3cc4n(n3)CCN(C)C4)c(=O)[nH]n2)ccc(F)c1NC(=O)c1cc2ccccc2s1,529.6010000000001,4.736920000000003,3.0,8.0
413,CHEMBL3746457,Toxic,O=C1c2cc(COc3ccccc3)nn2CCN1c1ccc(F)cn1,338.34200000000004,2.656600000000001,0.0,5.0
414,CHEMBL3754515,Toxic,Nc1ccc(-c2cnc(N)c(-c3ccc(Cl)cc3)c2)cn1,296.761,3.628400000000001,2.0,4.0
415,CHEMBL3754123,Non-toxic,Nc1ncc(-c2cnc(N)c(-c3ccc(Cl)cc3)c2)cn1,297.74899999999997,3.0234000000000005,2.0,5.0
416,CHEMBL3753839,Non-toxic,O=S1(=O)CCCN1CC(O)Cn1c2ccccc2c2ccccc21,344.4360000000001,2.1909,1.0,4.0
417,CHEMBL3758349,Non-toxic,CC(CCNCC12CC3CC(CC(C3)C1)C2)Nc1ccnc2cc(Cl)ccc12,397.9940000000001,5.884700000000006,2.0,3.0
418,CHEMBL3763201,Non-toxic,O=C(Cc1ccc(F)c(Cl)c1)Nc1cnc(C(=O)NO)c(O)c1CO,369.7360000000001,1.3721999999999992,5.0,6.0
419,CHEMBL3137320,Non-toxic,Cn1ncnc1[C@H]1c2n[nH]c(=O)c3cc(F)cc(c23)N[C@@H]1c1ccc(F)cc1,380.35800000000006,2.6285000000000007,2.0,6.0
420,CHEMBL3769933,Non-toxic,Cc1c2c(nn1-c1nnc(-c3ccc(OC(C)C)c(Cl)c3)s1)CCN(CCC(=O)O)C2,461.9750000000003,3.9726200000000027,1.0,8.0
421,CHEMBL3774937,Non-toxic,O=C(/C=C/c1c(-c2ccccc2)no[n+]1[O-])c1ccc2ccccc2c1,342.3540000000001,4.024300000000002,0.0,4.0
422,CHEMBL3775702,Toxic,O=C(/C=C/c1ccc2c(c1)no[n+]2[O-])c1ccccc1,266.25600000000003,2.3573000000000004,0.0,4.0
423,CHEMBL3775822,Non-toxic,O=C(/C=C/c1c(-c2ccccc2)no[n+]1[O-])c1ccccc1,292.29400000000004,2.871100000000001,0.0,4.0
424,CHEMBL3774816,Non-toxic,Cc1c(/C=C/C(=O)c2ccccc2)no[n+]1[O-],230.223,1.5125199999999994,0.0,4.0
425,CHEMBL3775744,Non-toxic,O=C(/C=C/c1c(-c2ccccc2)no[n+]1[O-])c1ccccc1O,308.29300000000006,2.576700000000001,1.0,5.0
426,CHEMBL3775079,Non-toxic,Cc1c(/C=C/C(=O)c2ccc3ccccc3c2)no[n+]1[O-],280.283,2.665720000000001,0.0,4.0
427,CHEMBL3775186,Non-toxic,O=C(/C=C/c1ccc2c(c1)no[n+]2[O-])c1ccccc1O,282.25500000000005,2.0629000000000004,1.0,5.0
428,CHEMBL3775597,Non-toxic,Cc1c(/C=C/C(=O)c2ccccc2O)no[n+]1[O-],246.222,1.2181199999999996,1.0,5.0
429,CHEMBL3684869,Non-toxic,CC[C@@H](C[C@H]1COC(N)=N1)c1ccccc1,218.3,2.2838000000000003,1.0,3.0
430,CHEMBL3781694,Non-toxic,Cc1c(F)cccc1[C@H]1COC(N)=N1,194.20899999999995,1.52012,1.0,3.0
431,CHEMBL3785379,Non-toxic,O=C1[C@H](c2ccc(F)cc2)[C@@H](c2ccc3c(c2)OCO3)N1C1CCN(C(=O)n2cncn2)CC1,463.4690000000003,2.9457000000000013,0.0,7.0
432,CHEMBL3785323,Non-toxic,COc1ccc2nc(C(F)(F)F)c3c(c2c1)CC[C@]1(C[C@H]2C(=O)N[C@]4(C(=O)NS(=O)(=O)C5(C)CC5)C[C@H]4/C=C\CCCCC[C@H](NC(=O)OCC(C)C)C(=O)N2C1)O3,833.9269999999997,5.071400000000005,3.0,10.0
433,CHEMBL3786189,Non-toxic,CC(C)(C)C[C@@H](O)C(=O)N1N=CC[C@H]1C(=O)NCc1cc(Cl)ccc1-n1cnnn1,433.90000000000003,1.3156999999999996,2.0,8.0
434,CHEMBL3785469,Non-toxic,CC(C)(C)C[C@@H](N)C(=O)N1N=CC[C@H]1C(=O)NCc1cc(Cl)ccc1-n1cnnn1,432.9160000000001,1.2820999999999996,2.0,8.0
435,CHEMBL3792764,Non-toxic,Cc1c2cc(-n3ccc(OCc4ccc(F)cc4)cc3=O)ccc2nn1C,363.3920000000001,3.750720000000003,0.0,5.0
436,CHEMBL3794256,Non-toxic,Cc1c2cc(-n3ccc(OCc4ccc(Cl)cc4)cc3=O)ccc2nn1C1CC1,405.88500000000016,5.062920000000004,0.0,5.0
437,CHEMBL3578243,Non-toxic,Cc1c2cc(-n3ccc(OCc4ccc(F)cc4)cc3=O)ccc2nn1C1CC1,389.4300000000002,4.548620000000004,0.0,5.0
438,CHEMBL3578244,Non-toxic,Cc1c2cc(-n3ccc(OCc4csc(C(F)(F)F)c4)cc3=O)ccc2nn1C1CC1,445.4660000000002,5.4898200000000035,0.0,6.0
439,CHEMBL3578242,Non-toxic,Cc1c2cc(-n3ccc(OCc4ccc(Cl)cc4)cc3=O)ccc2nn1C,379.8470000000001,4.265020000000003,0.0,5.0
440,CHEMBL89295,Toxic,[N-]=[N+]=[N-],42.021,0.8661000000000001,0.0,0.0
441,CHEMBL3800530,Toxic,O=[N+]([O-])c1ccc(CSc2nnc(-c3ccccc3)o2)c([N+](=O)[O-])c1,358.3350000000001,3.8453000000000026,0.0,8.0
442,CHEMBL3798565,Toxic,O=[N+]([O-])c1cc(CSc2nnc(-c3ccccc3)o2)cc([N+](=O)[O-])c1,358.3350000000001,3.8453000000000017,0.0,8.0
443,CHEMBL3799678,Non-toxic,O=[N+]([O-])c1cc(CSc2nnc(-c3cccc(Cl)c3)o2)cc([N+](=O)[O-])c1,392.7800000000001,4.498700000000002,0.0,8.0
444,CHEMBL3800474,Non-toxic,Cc1ccc(-c2nnc(SCc3cc([N+](=O)[O-])cc([N+](=O)[O-])c3)o2)cc1,372.3620000000001,4.1537200000000025,0.0,8.0
445,CHEMBL3800547,Non-toxic,COc1cccc(-c2nnc(SCc3cc([N+](=O)[O-])cc([N+](=O)[O-])c3)o2)c1,388.3610000000001,3.853900000000003,0.0,9.0
446,CHEMBL3797554,Non-toxic,O=[N+]([O-])c1ccc(-c2nnc(SCc3cc([N+](=O)[O-])cc([N+](=O)[O-])c3)o2)cc1,403.3320000000001,3.7535000000000016,0.0,10.0
447,CHEMBL3798641,Non-toxic,O=[N+]([O-])c1cc(CSc2nnc(-c3ccccc3)s2)cc([N+](=O)[O-])c1,374.4030000000001,4.313800000000002,0.0,8.0
448,CHEMBL3798295,Non-toxic,O=[N+]([O-])c1cc(CSc2nnc(-c3ccc(Cl)cc3)s2)cc([N+](=O)[O-])c1,408.84800000000007,4.967200000000002,0.0,8.0
449,CHEMBL3800450,Non-toxic,COc1cccc(-c2nnc(SCc3cc([N+](=O)[O-])cc([N+](=O)[O-])c3)s2)c1,404.4290000000001,4.322400000000003,0.0,9.0
450,CHEMBL3797309,Toxic,O=[N+]([O-])c1ccc(-c2nnc(SCc3cc([N+](=O)[O-])cc([N+](=O)[O-])c3)s2)cc1,419.4000000000001,4.222000000000001,0.0,10.0
451,CHEMBL351487,Toxic,O=[N+]([O-])c1ccc2c(c1)Cc1ccccc1-2,211.21999999999997,3.1660000000000013,0.0,2.0
452,CHEMBL3804964,Non-toxic,Cc1noc(C)c1[C@@H]1C[C@@](C)(c2cc(N)cc(F)c2F)N=C(N)S1,352.41,3.559940000000001,2.0,6.0
453,CHEMBL3804846,Non-toxic,O=C1N[C@H](c2cncc(C#Cc3ccccc3)c2)[C@@H](c2cc(F)ccc2F)O1,376.3620000000001,4.281800000000002,1.0,3.0
454,CHEMBL3805139,Non-toxic,Cn1c(=O)n(CC(C)(C)C)c2ccc(C3=C[C@@H]4CC[C@H]3CN4C(=O)c3ccon3)nc21,421.5010000000002,3.0871000000000013,0.0,7.0
455,CHEMBL3809633,Toxic,O=C(Cc1cc(C(F)(F)F)cc(C(F)(F)F)c1)Nc1ccc(NC(=O)c2cscn2)cc1,473.3980000000001,5.614200000000002,2.0,4.0
456,CHEMBL3809142,Toxic,O=C(Cc1ccc(NC(=O)c2cscn2)cc1)Nc1cc(C(F)(F)F)cc(C(F)(F)F)c1,473.3980000000001,5.614200000000002,2.0,4.0
457,CHEMBL3809040,Toxic,O=C(Nc1ccc(-c2c[nH]c(-c3cc(C(F)(F)F)cc(C(F)(F)F)c3)n2)cc1)c1cscn1,482.409,6.490100000000003,2.0,4.0
458,CHEMBL3808454,Toxic,O=C(Nc1ccc2nc(NCc3cc(C(F)(F)F)cc(C(F)(F)F)c3)sc2c1)c1cscn1,502.46500000000003,6.6548000000000025,2.0,6.0
459,CHEMBL3808823,Toxic,O=C(Cc1ccc(NC(=O)c2cscn2)cn1)Nc1cc(C(F)(F)F)cc(C(F)(F)F)c1,474.3860000000001,5.009200000000002,2.0,5.0
460,CHEMBL3809382,Toxic,O=C(Cc1ccc(NC(=O)c2cscn2)nc1)Nc1cc(C(F)(F)F)cc(C(F)(F)F)c1,474.3860000000001,5.009200000000002,2.0,5.0
461,CHEMBL3808597,Toxic,O=C(Nc1ccc2nc(Cc3cc(C(F)(F)F)cc(C(F)(F)F)c3)[nH]c2c1)c1cscn1,470.398,5.900100000000003,2.0,4.0
462,CHEMBL3810031,Toxic,O=C(Cc1cc(C(F)(F)F)cc(C(F)(F)F)c1)Nc1ccc2nc(NC(=O)c3cscn3)sc2c1,530.4750000000001,6.223900000000001,2.0,6.0
463,CHEMBL3809702,Non-toxic,O=C(Cn1ccc(NC(=O)c2cscn2)cc1=O)Nc1cc(C(F)(F)F)cc(C(F)(F)F)c1,490.38500000000005,4.233400000000002,2.0,6.0
464,CHEMBL3828718,Non-toxic,COC(=O)N(CC(=O)O)Cc1cc(OCc2nc(-c3ccc(Cl)cc3)oc2C)ccc1F,462.8610000000001,4.674520000000004,1.0,6.0
465,CHEMBL3941914,Non-toxic,Cc1nc(C)c(-c2csc(Nc3ccc(C(=O)N4C5CCC4CN(c4ncc(C(F)(F)F)cn4)C5)cn3)n2)s1,572.6420000000002,5.324240000000004,1.0,10.0
466,CHEMBL3984425,Non-toxic,C[C@H](NC(=O)c1c(N)nn2cccnc12)c1cc2cccc(C#Cc3cnn(C)c3)c2c(=O)n1-c1ccccc1,528.5760000000004,3.2399000000000013,2.0,9.0
467,CHEMBL3976702,Non-toxic,COc1ccc(CCNc2nc3cc(Cl)ccc3c(=O)n2C)cc1,343.81400000000014,3.2501000000000015,1.0,5.0
468,CHEMBL3906074,Non-toxic,Cc1nc(C)c(-c2csc(Nc3ccc(C(=O)N4C5COCC4CC(=O)C5)cn3)n2)s1,455.5650000000002,3.594540000000003,1.0,9.0
469,CHEMBL3959018,Non-toxic,Clc1ccc2nc(N3CCCCC3)c(-c3nnn[nH]3)c(-c3ccccc3)c2c1,390.87800000000004,4.725600000000003,1.0,5.0
470,CHEMBL3909156,Non-toxic,COC(=O)CN/C=C1/C(=O)C=Cc2ccccc21,243.26200000000003,1.3860000000000001,1.0,4.0
471,CHEMBL3933212,Non-toxic,COc1cnc(O[C@@H]2C[C@@H](C(=O)N[C@]3(C(=O)NS(=O)(=O)C4CC4)C[C@H]3C3CC3)N(C(=O)[C@@H](NC(=O)O[C@H](C)C(F)(F)F)C3CCCCC3)C2)c2cc(Cl)ccc12,828.3069999999999,4.764300000000005,3.0,10.0
472,CHEMBL3415583,Toxic,Cc1cc(C)nc(Nc2cc(N[C@@H]3CCCC[C@@H]3N)cnc2C(N)=O)c1,354.4580000000001,2.6177399999999995,4.0,6.0
473,CHEMBL3963092,Non-toxic,Cn1cc(-c2cc(N[C@@H]3CCCC[C@@H]3N)cnc2C(N)=O)cn1,314.393,1.2628,3.0,6.0
474,CHEMBL3935657,Non-toxic,C[C@H](N)CNc1cnc(C(N)=O)c(-c2cnn(C)c2)n1,275.316,-0.264899999999999,3.0,7.0
475,CHEMBL3951922,Non-toxic,C[C@H](N)CNc1cnc(C(N)=O)c(-c2cc3ccccc3[nH]2)n1,310.361,1.4828999999999997,4.0,5.0
476,CHEMBL3414584,Non-toxic,NC(=O)c1ncc(N[C@@H]2CCCC[C@@H]2N)nc1-c1cc2ccccc2[nH]1,350.426,2.4055999999999997,4.0,5.0
477,CHEMBL3943181,Non-toxic,NC(=O)c1ncc(N[C@@H]2CCCC[C@@H]2N)nc1-c1nc2ccccc2[nH]1,351.414,1.8005999999999995,4.0,6.0
478,CHEMBL3972739,Non-toxic,C[C@H](N)CNc1cnc(C(N)=O)c(-c2cc3ccccc3o2)n1,311.345,1.7477999999999998,3.0,6.0
479,CHEMBL3934210,Non-toxic,NC(=O)c1ncc(N[C@@H]2CCCC[C@@H]2N)cc1/C=C/c1ccccc1,336.43899999999996,3.032700000000002,3.0,4.0
480,CHEMBL3961713,Non-toxic,NC(=O)c1ncc(N[C@@H]2CCCC[C@@H]2N)cc1COc1ccccc1,340.42699999999996,2.441299999999999,3.0,5.0
481,CHEMBL3925317,Non-toxic,NC(=O)c1ncc(N[C@@H]2CCCC[C@@H]2N)cc1C#Cc1ccccc1,334.423,2.2621,3.0,4.0
482,CHEMBL3415610,Non-toxic,COc1cccc2[nH]c(-c3nc(N[C@@H]4CCOC[C@@H]4N)cnc3C(N)=O)cc12,382.4240000000001,1.2605000000000002,4.0,7.0
483,CHEMBL4093905,Non-toxic,C/C(N)=N\C(=N/S(=O)(=O)c1ccc(Cl)cc1)N1C[C@H](c2ccccc2)C(c2ccc(Cl)cc2)=N1,514.4380000000001,4.918900000000004,1.0,3.0
484,CHEMBL4079675,Non-toxic,COc1c(Cl)cc(-c2ccc(C(=O)c3c(F)ccc(O)c3F)s2)cc1Cl,415.244,5.945300000000002,1.0,4.0
485,CHEMBL3644620,Non-toxic,CCc1cc(O)c(F)cc1-c1ccc2c(-c3nc4c([nH]3)CCN(C(=O)c3cnc(N5CCCCC5)cn3)C4)n[nH]c2c1,566.6410000000003,5.005900000000003,3.0,7.0
486,CHEMBL4064672,Non-toxic,COC(=O)C1=C(CN2CCOC[C@H]2C(=O)O)NC(c2nccs2)=N[C@H]1c1ccc(F)cc1Cl,494.93200000000013,2.2392000000000003,2.0,9.0
487,CHEMBL4064834,Non-toxic,Cc1cc2oc(=O)[nH]c2cc1Cl,183.594,2.0829199999999997,1.0,2.0
488,CHEMBL4092048,Non-toxic,COc1cc2c(cc1OC)C(=O)C(Cc1cc[n+](Cc3cccc(Cl)c3)cc1C(N)=O)C2,451.9300000000002,3.3896000000000015,1.0,4.0
489,CHEMBL4101303,Non-toxic,COc1cc2c(cc1OC)C(=O)C(CC1C=CN(Cc3cccc(Cl)c3)C=C1C(N)=O)C2,452.9380000000002,4.117200000000003,1.0,5.0
490,CHEMBL3908849,Non-toxic,NC(=O)n1cc(NC(=O)N2CCC[C@H]2C(=O)Nc2cccc(OC(F)(F)F)c2)c2ccccc21,475.4270000000001,4.101700000000002,3.0,5.0
491,CHEMBL3683753,Non-toxic,NC(=O)c1nn(CC(=O)N2[C@H](C(=O)Nc3cccc(Br)n3)C[C@H]3C[C@H]32)c2ccccc12,483.3260000000002,1.9207999999999992,2.0,6.0
492,CHEMBL4094440,Non-toxic,NS(=O)(=O)c1cncc(-c2nc(NCc3ccccn3)c3c(-c4ccccc4)cccc3n2)c1,468.54200000000014,4.013300000000003,2.0,7.0
493,CHEMBL4074410,Non-toxic,COc1ccc(-c2nnc(-c3ccc4nc(-c5c(C)cc(CC(C)(C)C(=O)O)cc5C)[nH]c4c3)o2)cc1,496.5670000000003,6.225640000000006,2.0,6.0
494,CHEMBL4097298,Non-toxic,COc1cncc(Cc2cc(-c3ccccc3)no2)c1,266.3,3.336000000000001,0.0,4.0
495,CHEMBL4079276,Non-toxic,Cc1cncc(Cc2cc(-c3ccccc3)no2)c1,250.30100000000002,3.6358200000000016,0.0,3.0
496,CHEMBL4070442,Non-toxic,C[C@]1(O)CCN(c2nc(N3C[C@H](O)[C@@H](O)C3)cc(C(F)(F)F)c2C#N)C1,372.3470000000001,0.4749799999999994,3.0,7.0
497,CHEMBL4060985,Non-toxic,O=C(Nc1ccc(-c2ccc(C(=O)Nc3cccc4cccc(S(=O)(=O)O)c34)cc2)cc1)c1ccc([N+](=O)[O-])cc1,567.5790000000002,6.166300000000004,3.0,6.0
498,CHEMBL4080373,Non-toxic,COC(=O)c1ccc(C(=O)Nc2ccc(-c3ccc(C(=O)Nc4cccc5cccc(S(=O)(=O)O)c45)cc3)cc2)cc1,580.6180000000003,6.044700000000004,3.0,6.0
499,CHEMBL4076989,Non-toxic,CC(C)CN(CCc1ccc(Cl)cc1)C1CCN(c2nc(N)n[nH]2)CC1,376.93600000000015,3.2098000000000004,2.0,5.0
500,CHEMBL4065122,Non-toxic,C[C@H]1CN(C2COC2)CCN1c1ccc(Nc2cc(-c3ccnc(N4CCn5c(cc6c5CC(C)(C)C6)C4=O)c3CO)cn(C)c2=O)nc1,664.8110000000003,3.574200000000001,2.0,11.0
501,CHEMBL4080228,Non-toxic,COc1cc(C)[nH]c(=O)c1CN1CCc2c(Cl)cc([C@H](OC)C3COC3)c(Cl)c2C1=O,467.3490000000003,3.5311200000000023,1.0,5.0
502,CHEMBL2181928,Non-toxic,C[C@@H]1CN(c2ccc3c(n2)NC(=O)CO3)[C@H](c2ccccc2)CO1,325.36800000000005,2.3789000000000007,1.0,5.0
503,CHEMBL4104117,Non-toxic,O=C(NO)c1ccc(CNc2cccc3cccnc23)cc1,293.326,2.9659000000000013,3.0,4.0
504,CHEMBL4085181,Non-toxic,CCOC(=O)C1=C(CN2CCO[C@H](CCC(=O)O)C2)NC(c2nccs2)=N[C@H]1c1ccc(F)cc1Br,581.4640000000002,3.518600000000002,2.0,9.0
505,CHEMBL1773422,Non-toxic,CC(=O)Nc1cc(-c2c(-c3ccc(F)cc3)nc([S+](C)[O-])n2C)ccn1,372.42500000000007,2.984000000000001,1.0,5.0
506,CHEMBL4103847,Non-toxic,Cc1cc(COc2nc(N)nc3ccn(Cc4ccccn4)c23)no1,336.3550000000001,2.3322200000000004,1.0,8.0
507,CHEMBL3961632,Non-toxic,Cc1cccc(-c2cc(N)nc3[nH]cc(C#N)c23)c1,248.289,2.9921999999999995,2.0,3.0
508,CHEMBL3794197,Non-toxic,Nc1c(Cc2cccc3ccccc23)c(C2CC2)c2n(c1=O)C(C(=O)Nc1ccccc1)CS2,467.59400000000016,5.337400000000004,2.0,5.0
509,CHEMBL4087188,Non-toxic,Nc1c(Cc2cccc3ccccc23)c(C2CC2)c2n(c1=O)C(n1cc(-c3ccccc3)nn1)CS2,491.6200000000002,5.4630000000000045,1.0,7.0
510,CHEMBL4074384,Non-toxic,O=c1cc(Cc2cccc3ccccc23)c(C2CC2)c2n1C(n1cc(-c3ccccc3)nn1)CS2,476.60500000000013,5.880800000000005,0.0,6.0
511,CHEMBL4089964,Non-toxic,COc1ccc(Cl)cc1C(=O)NCCc1ccc(CCC(=O)NO)cc1,376.84000000000015,2.7591,3.0,4.0
512,CHEMBL4068870,Non-toxic,COc1ccc(Cl)cc1C(=O)NCCc1ccc(/C=C/C(=O)NO)cc1,374.82400000000007,2.8397000000000006,3.0,4.0
513,CHEMBL4087230,Non-toxic,COc1ccc(Cl)cc1C(=O)NCCc1cccc(/C=C/C(=O)NO)c1,374.82400000000007,2.8397000000000006,3.0,4.0
514,CHEMBL4067480,Non-toxic,O=C(/C=C/c1ccc(CCNC(=O)c2cc(C(F)(F)F)ccc2Cl)cc1)NO,412.795,3.8499000000000025,3.0,3.0
515,CHEMBL4078380,Toxic,O=C(/C=C/c1ccc(CCNC(=O)c2ccc3c(c2)OCO3)cc1)NO,354.3620000000001,1.9063999999999999,3.0,5.0
516,CHEMBL4075984,Non-toxic,O=C(/C=C/c1ccc(CCNC(=O)c2ccc3c(c2)OCCO3)cc1)NO,368.3890000000001,1.9488999999999996,3.0,5.0
517,CHEMBL4069669,Non-toxic,O=C(/C=C/c1ccc(CCNC(=O)c2cncc(F)c2)cc1)NO,329.331,1.7118,3.0,4.0
518,CHEMBL4069152,Non-toxic,O=C(/C=C/c1ccc(CCNC(=O)c2ccc3ncccc3c2)cc1)NO,361.401,2.7259,3.0,4.0
519,CHEMBL4062319,Non-toxic,Cc1nnc2sc(C(=O)NC3CN(c4cccc(F)c4F)C3)c(N)c2c1C,389.4310000000002,2.787140000000001,2.0,6.0
520,CHEMBL2386850,Non-toxic,Cc1cc(Oc2cncnc2)cc(C(=O)Nc2ccc(F)cn2)n1,325.303,2.7587200000000003,1.0,6.0
521,CHEMBL4087906,Non-toxic,O=C(CN1CCCC2=C1C(=O)N(C1CC1)C2=O)Nc1ccc(-c2cccnc2)nn1,404.43000000000006,1.3581999999999999,1.0,7.0
522,CHEMBL4095528,Non-toxic,NC(=O)C(=O)C(Cc1ccccc1)NC(=O)c1cccnc1-n1ccc(-c2ccccc2)n1,439.47500000000014,2.3297999999999996,2.0,6.0
523,CHEMBL4063636,Non-toxic,NC(=O)C(=O)C(Cc1ccccc1)NC(=O)c1cccnc1-n1ccc(-c2ccc(F)cc2)n1,457.46500000000015,2.4688999999999997,2.0,6.0
524,CHEMBL4060556,Non-toxic,O=C(c1ccccc1)N1CCc2oc(-c3ccc(F)cn3)nc2C1,323.32700000000006,3.074200000000001,0.0,4.0
525,CHEMBL4102181,Non-toxic,O=C(c1cccc(F)c1)N1CCc2oc(-c3ccc(F)cn3)nc2C1,341.317,3.213300000000001,0.0,4.0
526,CHEMBL4087545,Non-toxic,O=C(c1cc(F)cc(Cl)c1)N1CCc2oc(-c3ccc(F)cn3)nc2C1,375.76200000000006,3.8667000000000025,0.0,4.0
527,CHEMBL4088036,Non-toxic,CCCCc1cc(OC2CCN(CCCCNS(=O)(=O)CC)CC2)c2ncccc2c1,447.6450000000002,4.140100000000003,1.0,5.0
528,CHEMBL4069936,Non-toxic,Cc1ncc(F)cc1NC(=O)C[C@H](C(=O)N[C@@H]1C(=O)N2CC3(CC3)CN2C(=O)c2ccccc21)C1CC1,505.5500000000004,2.7346200000000005,2.0,5.0
529,CHEMBL4079206,Non-toxic,CN1CC[C@H](c2c(O)cc(O)c3c(=O)cc(/C=C/c4c(Cl)cccc4Cl)oc23)[C@H](O)C1,462.3290000000002,4.461400000000003,3.0,6.0
530,CHEMBL4080076,Non-toxic,Cc1c(-c2ccc(N3CCC(F)(F)C3)cc2)[nH]c2cc(F)cc(F)c2c1=O,376.35300000000007,4.627120000000003,1.0,2.0
531,CHEMBL4079209,Toxic,Cc1cn2cc(-c3cc4ccc(N5CCN(C)CC5)cc4c(=O)o3)nc2c(C)n1,389.4590000000001,2.871340000000001,0.0,7.0
532,CHEMBL4081789,Non-toxic,Cc1cn2cc(NC(=O)c3ccc(N4CCN(C)CC4)cc3)nc2c(C)n1,364.4530000000001,2.3502400000000003,1.0,6.0
533,CHEMBL4100874,Toxic,CCN1CCN(c2ccc3cc(-c4cn5cc(C)nc(C)c5n4)c(=O)oc3c2)C[C@@H]1C,417.51300000000026,3.6499400000000026,0.0,7.0
534,CHEMBL4064782,Toxic,Cc1cn2cc(NC(=O)c3ccc(N4CCNC(C)C4)cc3F)nc2c(C)n1,382.4430000000001,2.535640000000001,2.0,6.0
535,CHEMBL4065528,Non-toxic,Cc1cn2nc(NC(=O)c3ccc(N4CCNC(C)C4)cc3F)nc2c(C)n1,383.43100000000015,1.9306400000000001,2.0,7.0
536,CHEMBL4076963,Toxic,Cc1cn2cc(NC(=O)c3ccc(N4CCNCC4)cc3F)cc(F)c2n1,371.391,2.582820000000001,2.0,5.0
537,CHEMBL4092204,Non-toxic,Cc1nc2c(F)cc(NC(=O)c3ccc(N4CCNCC4)cc3F)cc2o1,372.3750000000001,3.0763200000000017,2.0,5.0
538,CHEMBL4062776,Non-toxic,Cc1cn2cc(NC(=O)c3ccc(N4CCNC(C)C4)cc3F)c(C)cc2n1,381.4550000000001,3.140640000000002,2.0,5.0
539,CHEMBL4084454,Non-toxic,Cc1cn2cc(NC(=O)c3ccc(N4CCNCC4)cc3F)ncc2n1,354.389,1.8387199999999997,2.0,6.0
540,CHEMBL4063337,Non-toxic,NCc1ccnc(Oc2cccc(C(=O)N3C[C@@H](O)[C@H](F)C3)c2)c1,331.34700000000004,1.4874,2.0,5.0
541,CHEMBL4096060,Non-toxic,O=C(/C=C/c1ccc(CCNC(=O)c2cc(Cc3n[nH]c(=O)c4ccccc34)ccc2F)cc1)NO,486.5030000000001,3.144100000000001,4.0,5.0
542,CHEMBL4078014,Non-toxic,O=C(/C=C/c1ccc(CN2CCN(C(=O)c3cc(Cc4n[nH]c(=O)c5ccccc45)ccc3F)CC2)cc1)NO,541.5830000000003,3.129600000000001,3.0,6.0
543,CHEMBL98,Non-toxic,O=C(CCCCCCC(=O)Nc1ccccc1)NO,264.32500000000005,2.4711,3.0,3.0
544,CHEMBL3765513,Non-toxic,COC(=O)N[C@H](C(=O)N1CC(F)(F)C[C@H]1c1ncc(-c2ccc(-c3ccc4c(ccc5nc([C@@H]6C[Si](C)(C)CN6C(=O)[C@@H](NC(=O)OC)C(C)C)[nH]c54)c3)cc2)[nH]1)C(C)C,843.0209999999998,7.574000000000008,4.0,8.0
545,CHEMBL4129589,Non-toxic,c1ccc2c(OCCCCCN3CCCCCC3)cccc2c1,311.46899999999994,5.264900000000005,0.0,2.0
546,CHEMBL4126298,Non-toxic,CC1CCCN(CCCCCOc2cccc3ccccc23)C1,311.46900000000005,5.120800000000005,0.0,2.0
547,CHEMBL4126145,Non-toxic,c1ccc2c(OCCCCCN3CCCCC3)cccc2c1,297.44199999999995,4.874800000000005,0.0,2.0
548,CHEMBL4126289,Non-toxic,CC1(C)OCCn2c1nc(C(=O)NCc1ccc(F)cc1)c(O)c2=O,347.3460000000001,1.2832999999999999,2.0,6.0
549,CHEMBL4126773,Non-toxic,COc1cc(-c2ccc3c(n2)[C@@H](C)N(c2cnn(CC(F)(F)F)c2)C3=O)cnc1OC,433.3900000000001,3.641000000000002,0.0,7.0
550,CHEMBL4129609,Non-toxic,O=C(O)c1csc(-n2nc(-c3ccccc3)c3ccc(C(F)(F)F)nc32)n1,390.34600000000006,4.261000000000001,1.0,6.0
551,CHEMBL487217,Non-toxic,O=C(/C=C/c1cccc2ccccc12)c1ccccc1,258.32,4.7359000000000036,0.0,1.0
552,CHEMBL4160073,Non-toxic,O=C(CC(CC(=O)c1ccccc1)c1cccc2ccccc12)c1ccccc1,378.4710000000001,6.469400000000006,0.0,2.0
553,CHEMBL1098239,Non-toxic,O=C(/C=C/c1ccc2ccccc2c1)c1ccccc1,258.32,4.7359000000000036,0.0,1.0
554,CHEMBL487051,Non-toxic,O=C(/C=C/c1cccc2ccccc12)c1ccccc1O,274.319,4.441500000000003,1.0,2.0
555,CHEMBL510834,Non-toxic,O=C(/C=C/c1ccc2ccccc2c1)c1ccccc1O,274.319,4.441500000000003,1.0,2.0
556,CHEMBL4166894,Non-toxic,O=C(/C=C/c1ccccc1)c1cccc2ccccc12,258.32000000000005,4.735900000000003,0.0,1.0
557,CHEMBL4161610,Non-toxic,O=C(/C=C/c1cccc2ccccc12)c1c(O)ccc2ccccc12,324.3790000000001,5.594700000000004,1.0,2.0
558,CHEMBL4169525,Non-toxic,O=C(/C=C/c1ccc2ccccc2c1)c1c(O)ccc2ccccc12,324.3790000000001,5.594700000000004,1.0,2.0
559,CHEMBL17200,Non-toxic,O=C(/C=C/c1ccccc1)c1ccc2ccccc2c1,258.32,4.7359000000000036,0.0,1.0
560,CHEMBL4168445,Non-toxic,O=C(CC(O)c1ccccc1)c1ccc2ccccc2c1,276.33500000000004,4.146200000000002,1.0,2.0
561,CHEMBL4176307,Non-toxic,O=C(/C=C/c1ccc2ccccc2c1)c1ccc2ccccc2c1O,324.3790000000001,5.594700000000005,1.0,2.0
562,CHEMBL1935209,Non-toxic,O=C(/C=C/c1ccccc1)c1ccc2ccccc2c1O,274.319,4.441500000000003,1.0,2.0
563,CHEMBL4172921,Non-toxic,O=C(/C=C/c1ccnc2ccccc12)c1cccc2ccccc12,309.36800000000005,5.284100000000004,0.0,2.0
564,CHEMBL4175247,Non-toxic,O=C(/C=C/c1ccnc2ccccc12)c1ccc2ccccc2c1,309.36800000000005,5.284100000000004,0.0,2.0
565,CHEMBL4164616,Non-toxic,O=C(/C=C/c1ccnc2ccccc12)c1ccc2ccccc2c1O,325.3670000000001,4.989700000000004,1.0,3.0
566,CHEMBL4173604,Non-toxic,O=C(/C=C/c1ccnc2ccccc12)c1ccccc1O,275.3070000000001,3.8365000000000022,1.0,3.0
567,CHEMBL4165686,Non-toxic,O=C(/C=C/c1cccc(Br)n1)c1ccccc1O,304.14300000000003,3.4458000000000015,1.0,3.0
568,CHEMBL4170149,Non-toxic,O=C(/C=C/c1cccnc1Br)c1ccccc1O,304.14300000000003,3.4458000000000015,1.0,3.0
569,CHEMBL4162238,Non-toxic,O=C(/C=C/c1cncc(Br)c1)c1ccccc1O,304.14300000000003,3.4458000000000015,1.0,3.0
570,CHEMBL4166739,Non-toxic,O=C(/C=C/c1cncc(Br)c1)c1ccc2ccccc2c1O,354.2030000000001,4.599000000000003,1.0,3.0
571,CHEMBL4165225,Non-toxic,C[C@]1(c2cc(NC(=O)c3ccc(C#N)cn3)ccc2F)N=C(N)CO[C@H]1C(F)(F)F,421.35400000000016,2.8781800000000013,2.0,6.0
572,CHEMBL3634345,Non-toxic,C[C@]1(c2cc(N)ccc2F)N=C(N)CO[C@H]1C(F)(F)F,291.24799999999993,1.9414,2.0,4.0
573,CHEMBL4168973,Non-toxic,NC1=NS(=O)(=O)Nc2nc(Cc3ccccc3)[nH]c21,277.309,0.3760999999999995,3.0,4.0
574,CHEMBL4162928,Non-toxic,CN1c2nc(-c3ccccc3)[nH]c2C(N)=NS1(=O)=O,277.309,0.4766000000000001,2.0,4.0
575,CHEMBL4161560,Non-toxic,NC1=NS(=O)(=O)N(Cc2ccccc2)c2nc(-c3ccccc3)n(Cc3ccccc3)c21,443.53200000000015,3.5687000000000024,1.0,5.0
576,CHEMBL290960,Non-toxic,CC1CS(=O)(=O)CCN1/N=C/c1ccc([N+](=O)[O-])o1,287.297,0.6406000000000001,0.0,7.0
577,CHEMBL4175981,Non-toxic,CC(C)(C)[C@@H](CO)NC(=O)c1nn(-c2c[n+]([O-])ccn2)c2c1C[C@@H]1C[C@H]21,357.41400000000016,0.6971,2.0,6.0
578,CHEMBL4176968,Non-toxic,CC[C@@]1(CC(=O)O)CCc2cc(-c3ccc(NC(=O)Nc4cccc(C(F)(F)F)c4)cc3)ccc2C1=O,510.5120000000001,7.016400000000004,3.0,3.0
579,CHEMBL4173715,Non-toxic,O=C(O)C[C@]1(CC(F)(F)F)CCc2cc(-c3cnc(NC(=O)Nc4ccc(F)c(F)c4)cn3)ccc2C1=O,534.4410000000001,5.608200000000004,3.0,5.0
580,CHEMBL1162293,Non-toxic,Nc1cccc(C(F)(F)F)c1,161.126,2.2876000000000003,1.0,1.0
581,CHEMBL4170934,Toxic,CCC1(CC(=O)O)CCc2cc(-c3ccc(N)cc3)ccc2C1=O,323.39200000000005,3.935800000000002,2.0,3.0
582,CHEMBL4159471,Non-toxic,Cc1cc(NC(=O)c2cccc(S(=O)(=O)N[C@H]3CCOC3)c2)ccc1F,378.4250000000002,2.453620000000001,2.0,4.0
583,CHEMBL3892956,Non-toxic,Cc1ccc(CN2CC[C@@H](N3CC[C@@H](c4ccc(O)cc4)[C@H](F)C3)C2=O)cc1,382.4790000000001,3.629120000000003,1.0,3.0
584,CHEMBL4166144,Non-toxic,COc1ncc(-c2cc(OC3CCOCC3)c3nc(N)nc(C)c3c2)cc1NS(=O)(=O)c1ccc(F)cc1F,557.5790000000002,4.227820000000002,2.0,9.0
585,CHEMBL4176771,Non-toxic,COc1ncc(-c2cc(O[C@@H]3CCOC3)c3nc(N)nc(C)c3c2)cc1NS(=O)(=O)c1ccc(F)cc1F,543.5520000000002,3.837720000000002,2.0,9.0
586,CHEMBL4166594,Toxic,CNc1nc(C)c2cc(-c3cnc(OC)c(NS(=O)(=O)c4ccc(F)cc4F)c3)cc(OC3CCOCC3)c2n1,571.606,4.687320000000003,2.0,9.0
587,CHEMBL4174909,Non-toxic,CNc1nc(C)c2cc(-c3cnc(OC)c(NS(=O)(=O)c4ccc(F)cc4F)c3)cc(O[C@@H]3CCOC3)c2n1,557.5790000000001,4.297220000000003,2.0,9.0
588,CHEMBL4164756,Non-toxic,Cn1cnc(S(=O)(=O)N2CC(NC(=O)c3cccc(C(F)(F)F)c3Cl)C(c3ccccc3)C2)c1,512.9410000000001,3.679000000000002,1.0,5.0
589,CHEMBL4172970,Non-toxic,Cc1cccc(NC2CN(S(=O)(=O)c3cn(C)cn3)CC2c2ccccc2)c1,396.5160000000001,2.997320000000002,1.0,5.0
590,CHEMBL4162199,Non-toxic,Cn1cnc(S(=O)(=O)N2CC(Nc3ccccc3)C(c3ccccc3)C2)c1,382.4890000000001,2.6889000000000003,1.0,5.0
591,CHEMBL4162376,Non-toxic,Cc1ccccc1NC1CN(S(=O)(=O)c2cn(C)cn2)CC1c1ccccc1,396.51600000000013,2.997320000000002,1.0,5.0
592,CHEMBL4169148,Non-toxic,Cc1ccc(NC2CN(S(=O)(=O)c3cn(C)cn3)CC2c2ccccc2)cc1,396.51600000000013,2.997320000000002,1.0,5.0
593,CHEMBL4162798,Non-toxic,Cn1cnc(S(=O)(=O)N2CC(Nc3cccc(C(F)(F)F)c3)C(c3ccccc3)C2)c1,450.4860000000001,3.7077000000000018,1.0,5.0
594,CHEMBL4176431,Non-toxic,Cn1cnc(S(=O)(=O)N2CC(Nc3cccc(C(F)(F)F)c3)C(c3ccc(F)cc3)C2)c1,468.4760000000001,3.8468000000000018,1.0,5.0
595,CHEMBL4174148,Non-toxic,Cn1cnc(S(=O)(=O)N2CC(Nc3cccc(Cl)c3)C(c3ccc(F)cc3)C2)c1,434.92400000000015,3.4814000000000016,1.0,5.0
596,CHEMBL4166232,Non-toxic,Cn1cnc(S(=O)(=O)N2CC(Nc3ccc(F)c(C(F)(F)F)c3)C(c3ccc(F)cc3)C2)c1,486.4660000000001,3.9859000000000027,1.0,5.0
597,CHEMBL4167394,Non-toxic,Cn1cnc(S(=O)(=O)N2CC(Nc3cncc(C(F)(F)F)c3)C(c3ccc(F)cc3)C2)c1,469.4640000000001,3.2418000000000013,1.0,6.0
598,CHEMBL4175269,Non-toxic,Cn1cnc(S(=O)(=O)N2CC(Nc3cccc(Cl)c3)C(c3cccc(F)c3)C2)c1,434.92400000000015,3.4814000000000016,1.0,5.0
599,CHEMBL4170790,Non-toxic,Cn1cnc(S(=O)(=O)N2CC(Nc3cccc(Cl)c3)C(c3ccccc3F)C2)c1,434.92400000000015,3.4814000000000016,1.0,5.0
600,CHEMBL4160146,Non-toxic,Cn1cnc(S(=O)(=O)N2CC(Nc3ccnc(C(F)(F)F)c3)C(c3ccc(F)cc3)C2)c1,469.4640000000001,3.2418000000000013,1.0,6.0
601,CHEMBL4174212,Non-toxic,Cn1cnc(S(=O)(=O)N2CC(Nc3cccc(C(F)(F)F)c3)C(c3cccnc3)C2)c1,451.4740000000001,3.1027000000000005,1.0,6.0
602,CHEMBL4163515,Non-toxic,Cn1cnc(S(=O)(=O)N2C[C@H](c3ccc(F)cc3)[C@@H](Nc3cccc(C(F)(F)F)c3)C2)c1,468.47600000000006,3.8468000000000018,1.0,5.0
603,CHEMBL4159064,Non-toxic,Cn1cnc(S(=O)(=O)N2C[C@H](c3ccc(F)cc3)[C@@H](Nc3cccc(OC(F)(F)F)c3)C2)c1,484.4750000000001,3.726600000000002,1.0,6.0
604,CHEMBL4166963,Non-toxic,Cn1cnc(S(=O)(=O)N2C[C@H](c3ccc(F)cc3)[C@@H](Nc3cc(C(F)(F)F)ccn3)C2)c1,469.46400000000006,3.2418000000000013,1.0,6.0
605,CHEMBL4172249,Non-toxic,Cn1cnc(S(=O)(=O)N2C[C@H](c3ccc(F)cc3)[C@@H](Nc3cc(C(F)(F)F)ncn3)C2)c1,470.45200000000006,2.636800000000001,1.0,7.0
606,CHEMBL4161627,Non-toxic,Cn1cnc(S(=O)(=O)N2C[C@H](c3ccc(F)cc3)[C@@H](Nc3ccc(F)c(OC(F)(F)F)c3)C2)c1,502.4650000000001,3.865700000000002,1.0,6.0
607,CHEMBL4165362,Non-toxic,Cn1cnc(S(=O)(=O)N2C[C@H](c3ccc(F)cc3)[C@@H](N[C@@H]3CCc4ccccc43)C2)c1,440.54400000000015,2.993000000000001,1.0,5.0
608,CHEMBL4170207,Toxic,O=c1[nH]c2c([N+](=O)[O-])cccc2cc1Br,269.054,2.1988000000000003,1.0,3.0
609,CHEMBL3742114,Non-toxic,CCOC(=O)C1=C(CN2CCOCC2)NC(c2nccs2)=NC1c1ccc(F)cc1Br,509.40100000000007,3.2852000000000015,1.0,8.0
610,CHEMBL3989970,Non-toxic,C=CC(=O)N[C@@H]1CN(c2nc(Nc3cn(C)nc3OC)c3ncn(C)c3n2)C[C@H]1F,415.43300000000016,0.6778999999999995,2.0,10.0
611,CHEMBL4209946,Toxic,O=C(Cc1ccc(N2CC[C@H](F)C2)nc1)Nc1ccn(Cc2ccc(F)c(F)c2)n1,415.4190000000001,3.3340000000000014,1.0,5.0
612,CHEMBL4209829,Toxic,Nc1ccn(CC2CCC(F)(F)CO2)n1,217.21899999999997,1.2796,1.0,4.0
613,CHEMBL4214866,Non-toxic,O=C(O)c1coc(Cc2ccc(OC(F)(F)F)cc2)n1,287.193,2.8622000000000014,1.0,4.0
614,CHEMBL4217292,Non-toxic,N#Cc1ccc(Cn2ccc(NC(=O)Cc3ccc(C4(C(F)(F)F)CC4)cc3)n2)nc1,425.4140000000001,3.973180000000002,1.0,5.0
615,CHEMBL4206029,Non-toxic,O=C1NCCN1CC(O)Cn1c2ccc(F)cc2c2cc(F)ccc21,345.34900000000005,2.4588,2.0,3.0
616,CHEMBL4215407,Non-toxic,Cc1cc(COc2ccc(S(=O)(=O)N(C)C3(C(=O)NO)CN(C(=O)C(C)C)C3)cc2)c2ccccc2n1,526.6150000000001,2.48512,2.0,7.0
617,CHEMBL4208519,Non-toxic,Cc1cc(COc2ccc(S(=O)(=O)N(C)C3(C(=O)NO)CN(C(=O)CC(C)C)C3)cc2)c2ccccc2n1,540.6420000000002,2.8752200000000014,2.0,7.0
618,CHEMBL4202767,Non-toxic,CCOc1c(Cl)cc(C(=O)Nc2ccc(C(=O)O)c(C)c2)cc1OC(C)C,391.85100000000017,4.784820000000003,2.0,4.0
619,CHEMBL3302600,Non-toxic,COc1ccccc1N1CCN(CC(O)CN2C(=O)NC(C)(c3ccc(F)cc3)C2=O)CC1,456.5180000000002,1.7843999999999998,2.0,6.0
620,CHEMBL1235570,Toxic,CCCCCCCCCc1cc(O)c2ccccc2[n+]1[O-],287.4030000000001,4.471900000000005,1.0,2.0
621,CHEMBL4208555,Non-toxic,O=C(NC[C@@H](Cc1ccccc1)N1CCC(O)(C(F)(F)F)CC1)C1(c2ccc(Cl)cc2)CCCC1,509.0120000000003,5.268500000000005,2.0,3.0
622,CHEMBL4213486,Non-toxic,C[C@@]1(c2cc(NC(=O)c3ccc(C#N)cn3)ccc2F)C=C(CF)OC(N)=N1,383.3580000000002,2.7581800000000003,2.0,6.0
623,CHEMBL4217096,Non-toxic,COc1ccc(NC(=O)N2CCN(c3nc(N)nc4scnc34)CC2)cc1,385.4530000000001,2.0312,2.0,8.0
624,CHEMBL4211181,Non-toxic,COc1ccc(NC(=O)N2CCN(c3nc(N)nc4c3cnn4C)[C@@H](C)C2)c(C)c1,410.48200000000014,2.0051199999999993,2.0,8.0
625,CHEMBL4210830,Non-toxic,COc1ccc(N)c(C)c1,137.18200000000002,1.5858199999999998,1.0,2.0
626,CHEMBL4216239,Toxic,CC(=O)Nc1ccc(C)cc1C(=O)C(=O)NNC(=O)c1ccncc1,340.33900000000006,0.9923199999999993,3.0,5.0
627,CHEMBL64,Toxic,NNC(=O)c1ccncc1,137.142,-0.3149000000000006,2.0,3.0
628,CHEMBL4213018,Toxic,CCOc1cc(-c2ccc(N)cc2)c[nH]c1=O,230.267,2.0228,2.0,3.0
629,CHEMBL4208109,Toxic,COc1cc(-c2ccc(N)c(F)c2)c[nH]c1=O,234.22999999999996,1.7717999999999998,2.0,3.0
630,CHEMBL4216484,Toxic,CCOc1cc(-c2ccc(N)c(F)c2)c[nH]c1=O,248.25699999999998,2.1618999999999997,2.0,3.0
631,CHEMBL4211518,Toxic,CCN1CCN(Cc2ccc(N)cc2C(F)(F)F)CC1,287.32900000000006,2.4251000000000005,1.0,3.0
632,CHEMBL4210168,Non-toxic,CC(C)(c1cc(N)no1)C(F)(F)F,194.15599999999998,2.0967000000000002,1.0,3.0
633,CHEMBL3355009,Non-toxic,CCOc1cc(=O)[nH]cc1-c1ccc(CC(=O)Nc2cc(C(C)(C)C(F)(F)F)on2)c(F)c1,467.41900000000015,4.5888000000000035,2.0,5.0
634,CHEMBL4212873,Non-toxic,COc1ccc(NC(C(=O)c2c[nH]c3ccccc23)c2ccccc2)cc1OC,386.45100000000014,5.221200000000004,2.0,4.0
635,CHEMBL4205295,Non-toxic,COc1cccc(NC(C(=O)c2c[nH]c3ccccc23)c2ccccc2)c1,356.42500000000007,5.212600000000004,2.0,3.0
636,CHEMBL4205724,Non-toxic,COc1cncc(NC(C(=O)c2c[nH]c3ccccc23)c2ccccc2)c1,357.41300000000007,4.607600000000002,2.0,4.0
637,CHEMBL4215935,Non-toxic,COc1cc(NC(C(=O)c2c[nH]c3ccc(F)cc23)c2ccccc2)cc(OC)c1,404.44100000000014,5.360300000000004,2.0,4.0
638,CHEMBL4212403,Non-toxic,COc1cc(NC(C(=O)c2c[nH]c3ccccc23)c2ccccc2)cc(OC)c1,386.45100000000014,5.221200000000004,2.0,4.0
639,CHEMBL4215451,Non-toxic,NCc1ccc(Oc2ccc(S(=O)(=O)C[C@H]3CS3)cc2)cc1,335.45,2.8267000000000007,1.0,5.0
640,CHEMBL4226803,Non-toxic,CCc1ccc(N(CC(C)C)S(=O)(=O)c2ccc(OCC3CCOCC3)c([S@@](C)(=N)=O)c2)cc1,508.70600000000036,4.941170000000005,1.0,6.0
641,CHEMBL4226421,Non-toxic,CCc1ccc(N(CC(C)C)S(=O)(=O)c2ccc(OCC3CCOCC3)c([S@](C)(=N)=O)c2)cc1,508.70600000000036,4.941170000000005,1.0,6.0
642,CHEMBL4281975,Non-toxic,COc1cncc(Cc2ccc(-c3ccccc3F)nc2)c1,294.329,3.882100000000002,0.0,3.0
643,CHEMBL4216951,Non-toxic,Cn1nccc1-c1ncnc2c1cnn2CCN1CCCCC1,311.39300000000014,1.7127000000000001,0.0,7.0
644,CHEMBL4288001,Non-toxic,CC#C[C@@H](CC(=O)O)c1ccc(OC[C@H]2COc3ccc(Cl)cc3O2)cc1,386.8310000000001,4.140400000000003,1.0,4.0
645,CHEMBL146624,Non-toxic,CCc1ccc(C(=O)COc2ccc(CC3SC(=O)NC3=O)cc2)nc1,370.43000000000006,2.7998000000000003,1.0,6.0
646,CHEMBL4291468,Non-toxic,COc1cccc(C(=O)COc2ccc(CC3SC(=O)NC3=O)cc2)c1,371.41400000000004,2.851000000000001,1.0,6.0
647,CHEMBL4291768,Non-toxic,CSc1cc(C)nc(SC)c1NC(=O)CN1CCN(CCSc2nc3ncccc3o2)CC1,504.70700000000033,3.7184200000000027,1.0,10.0
648,CHEMBL4288347,Non-toxic,CSc1cc(C)nc(SC)c1NC(=O)CN1CCN(CCSc2nc3ccccc3[nH]2)CC1,502.7350000000003,4.058520000000002,2.0,8.0
649,CHEMBL4282905,Non-toxic,CSc1cc(C)nc(SC)c1NC(=O)CN1CCN(CCSc2nc3ccccc3o2)CC1,503.71900000000034,4.323420000000003,1.0,9.0
650,CHEMBL4283853,Non-toxic,COCCCOc1cc2c(cc1OC)-c1cc(=O)c(C(=O)O)cn1[C@H](C(C)C)C2,401.4590000000002,3.390600000000002,1.0,6.0
651,CHEMBL4284040,Non-toxic,N#C/C(=C\c1cccc2cnccc12)c1c[nH]c2ccccc12,295.345,4.780280000000003,1.0,2.0
652,CHEMBL3945880,Non-toxic,O=c1cc(NC2CCN(S(=O)(=O)C(F)(F)F)CC2)c2cc(C(c3ccc(Cl)cc3)c3ccc(Cl)cc3)ccc2[nH]1,610.4850000000002,6.741000000000005,2.0,4.0
653,CHEMBL4514379,Non-toxic,N#Cc1cnc2ccc(-c3c(-c4ccc(F)c(Cl)c4)ncn3CCO)nn12,382.78600000000006,2.9162800000000018,1.0,7.0
654,CHEMBL4554511,Non-toxic,CC(C)(C)OC(=O)Nc1ccc(-c2cc(C(=O)NCCc3cc(C(=O)NO)no3)no2)cc1,457.4430000000002,2.7681000000000004,4.0,9.0
